"category_mapping_id","lob_channel_casetype_id","lob_id","channel_id","case_type_id"
"1","1","1","1","1"
"2","1","1","1","1"
"3","1","1","1","1"
"4","1","1","1","1"
"5","1","1","1","1"
"6","1","1","1","1"
"7","1","1","1","1"
"8","1","1","1","1"
"9","1","1","1","1"
"10","1","1","1","1"
"11","1","1","1","1"
"12","1","1","1","1"
"13","1","1","1","1"
"14","1","1","1","1"
"15","1","1","1","1"
"16","1","1","1","1"
"17","1","1","1","1"
"18","1","1","1","1"
"19","1","1","1","1"
"20","1","1","1","1"
"21","1","1","1","1"
"22","1","1","1","1"
"23","1","1","1","1"
"24","1","1","1","1"
"25","1","1","1","1"
"26","1","1","1","1"
"27","1","1","1","1"
"28","1","1","1","1"
"29","1","1","1","1"
"30","1","1","1","1"
"31","1","1","1","1"
"32","1","1","1","1"
"33","1","1","1","1"
"34","1","1","1","1"
"35","1","1","1","1"
"36","1","1","1","1"
"37","1","1","1","1"
"38","1","1","1","1"
"39","1","1","1","1"
"40","1","1","1","1"
"41","1","1","1","1"
"42","1","1","1","1"
"43","1","1","1","1"
"44","1","1","1","1"
"45","1","1","1","1"
"46","1","1","1","1"
"47","1","1","1","1"
"48","1","1","1","1"
"49","1","1","1","1"
"50","1","1","1","1"
"51","1","1","1","1"
"52","1","1","1","1"
"53","1","1","1","1"
"54","1","1","1","1"
"55","1","1","1","1"
"56","1","1","1","1"
"60","1","1","1","1"
"58","1","1","1","1"
"59","1","1","1","1"
"3182","35","4","1","2"
"3183","38","4","2","2"
"710","8","1","4","2"
"64","1","1","1","1"
"65","1","1","1","1"
"66","1","1","1","1"
"67","1","1","1","1"
"68","1","1","1","1"
"69","1","1","1","1"
"70","1","1","1","1"
"71","1","1","1","1"
"72","1","1","1","1"
"73","1","1","1","1"
"74","1","1","1","1"
"75","1","1","1","1"
"76","1","1","1","1"
"77","1","1","1","1"
"78","1","1","1","1"
"79","1","1","1","1"
"80","1","1","1","1"
"81","1","1","1","1"
"82","1","1","1","1"
"83","1","1","1","1"
"84","1","1","1","1"
"85","1","1","1","1"
"86","1","1","1","1"
"87","1","1","1","1"
"88","1","1","1","1"
"89","1","1","1","1"
"90","1","1","1","1"
"91","1","1","1","1"
"92","1","1","1","1"
"93","1","1","1","1"
"94","1","1","1","1"
"95","1","1","1","1"
"96","1","1","1","1"
"97","1","1","1","1"
"98","1","1","1","1"
"99","1","1","1","1"
"100","1","1","1","1"
"101","1","1","1","1"
"102","1","1","1","1"
"103","1","1","1","1"
"104","1","1","1","1"
"105","1","1","1","1"
"106","1","1","1","1"
"107","1","1","1","1"
"108","1","1","1","1"
"109","1","1","1","1"
"110","1","1","1","1"
"111","1","1","1","1"
"112","1","1","1","1"
"113","1","1","1","1"
"114","1","1","1","1"
"115","1","1","1","1"
"116","1","1","1","1"
"117","1","1","1","1"
"118","1","1","1","1"
"119","1","1","1","1"
"120","1","1","1","1"
"121","1","1","1","1"
"122","1","1","1","1"
"123","1","1","1","1"
"124","1","1","1","1"
"125","1","1","1","1"
"126","1","1","1","1"
"127","1","1","1","1"
"61","1","1","1","1"
"62","1","1","1","1"
"63","1","1","1","1"
"128","1","1","1","1"
"129","1","1","1","1"
"130","1","1","1","1"
"131","1","1","1","1"
"327","4","1","2","1"
"328","4","1","2","1"
"329","4","1","2","1"
"596","7","1","4","1"
"597","7","1","4","1"
"598","7","1","4","1"
"599","7","1","4","1"
"665","7","1","4","1"
"226","2","1","1","2"
"227","2","1","1","2"
"228","2","1","1","2"
"229","2","1","1","2"
"494","5","1","2","2"
"495","5","1","2","2"
"496","5","1","2","2"
"497","5","1","2","2"
"709","8","1","4","2"
"705","8","1","4","2"
"708","8","1","4","2"
"706","8","1","4","2"
"763","8","1","4","2"
"764","8","1","4","2"
"765","8","1","4","2"
"766","8","1","4","2"
"711","8","1","4","2"
"707","8","1","4","2"
"716","8","1","4","2"
"715","8","1","4","2"
"719","8","1","4","2"
"717","8","1","4","2"
"718","8","1","4","2"
"722","8","1","4","2"
"724","8","1","4","2"
"721","8","1","4","2"
"720","8","1","4","2"
"723","8","1","4","2"
"441","5","1","2","2"
"449","5","1","2","2"
"454","5","1","2","2"
"435","5","1","2","2"
"450","5","1","2","2"
"437","5","1","2","2"
"452","5","1","2","2"
"438","5","1","2","2"
"453","5","1","2","2"
"439","5","1","2","2"
"445","5","1","2","2"
"440","5","1","2","2"
"448","5","1","2","2"
"446","5","1","2","2"
"447","5","1","2","2"
"436","5","1","2","2"
"451","5","1","2","2"
"1121","11","2","1","2"
"1122","11","2","1","2"
"1123","11","2","1","2"
"1124","11","2","1","2"
"1125","11","2","1","2"
"1126","11","2","1","2"
"1127","11","2","1","2"
"1128","11","2","1","2"
"1129","11","2","1","2"
"1130","11","2","1","2"
"1131","11","2","1","2"
"1132","11","2","1","2"
"1133","11","2","1","2"
"1134","11","2","1","2"
"1135","11","2","1","2"
"1136","11","2","1","2"
"1137","11","2","1","2"
"1138","11","2","1","2"
"1139","11","2","1","2"
"1140","11","2","1","2"
"1141","11","2","1","2"
"1142","11","2","1","2"
"1143","11","2","1","2"
"1144","11","2","1","2"
"1145","11","2","1","2"
"1146","11","2","1","2"
"1147","11","2","1","2"
"1148","11","2","1","2"
"1149","11","2","1","2"
"1150","11","2","1","2"
"1151","11","2","1","2"
"1152","11","2","1","2"
"1153","11","2","1","2"
"1154","11","2","1","2"
"1155","11","2","1","2"
"1156","11","2","1","2"
"1157","11","2","1","2"
"1158","11","2","1","2"
"1159","11","2","1","2"
"1160","11","2","1","2"
"326","4","1","2","1"
"253","3","1","1","3"
"254","3","1","1","3"
"255","3","1","1","3"
"256","3","1","1","3"
"257","3","1","1","3"
"258","3","1","1","3"
"259","3","1","1","3"
"260","3","1","1","3"
"261","3","1","1","3"
"262","3","1","1","3"
"263","3","1","1","3"
"264","3","1","1","3"
"265","3","1","1","3"
"266","3","1","1","3"
"267","3","1","1","3"
"268","4","1","2","1"
"269","4","1","2","1"
"270","4","1","2","1"
"271","4","1","2","1"
"272","4","1","2","1"
"273","4","1","2","1"
"274","4","1","2","1"
"275","4","1","2","1"
"276","4","1","2","1"
"277","4","1","2","1"
"278","4","1","2","1"
"279","4","1","2","1"
"280","4","1","2","1"
"281","4","1","2","1"
"282","4","1","2","1"
"283","4","1","2","1"
"284","4","1","2","1"
"285","4","1","2","1"
"286","4","1","2","1"
"287","4","1","2","1"
"288","4","1","2","1"
"289","4","1","2","1"
"290","4","1","2","1"
"291","4","1","2","1"
"292","4","1","2","1"
"293","4","1","2","1"
"294","4","1","2","1"
"295","4","1","2","1"
"296","4","1","2","1"
"297","4","1","2","1"
"298","4","1","2","1"
"299","4","1","2","1"
"300","4","1","2","1"
"301","4","1","2","1"
"302","4","1","2","1"
"303","4","1","2","1"
"304","4","1","2","1"
"305","4","1","2","1"
"306","4","1","2","1"
"307","4","1","2","1"
"308","4","1","2","1"
"309","4","1","2","1"
"310","4","1","2","1"
"311","4","1","2","1"
"312","4","1","2","1"
"313","4","1","2","1"
"314","4","1","2","1"
"315","4","1","2","1"
"316","4","1","2","1"
"317","4","1","2","1"
"318","4","1","2","1"
"319","4","1","2","1"
"320","4","1","2","1"
"321","4","1","2","1"
"322","4","1","2","1"
"323","4","1","2","1"
"324","4","1","2","1"
"325","4","1","2","1"
"3093","61","7","2","2"
"3094","61","7","2","2"
"3095","61","7","2","2"
"330","4","1","2","1"
"331","4","1","2","1"
"3096","61","7","2","2"
"3097","61","7","2","2"
"332","4","1","2","1"
"333","17","2","4","2"
"334","4","1","2","1"
"335","4","1","2","1"
"336","4","1","2","1"
"337","4","1","2","1"
"338","4","1","2","1"
"339","4","1","2","1"
"340","4","1","2","1"
"341","4","1","2","1"
"342","4","1","2","1"
"343","4","1","2","1"
"344","4","1","2","1"
"345","4","1","2","1"
"346","4","1","2","1"
"347","4","1","2","1"
"348","4","1","2","1"
"349","4","1","2","1"
"350","4","1","2","1"
"351","4","1","2","1"
"352","4","1","2","1"
"353","4","1","2","1"
"354","4","1","2","1"
"355","4","1","2","1"
"356","4","1","2","1"
"357","4","1","2","1"
"358","4","1","2","1"
"359","4","1","2","1"
"360","4","1","2","1"
"361","4","1","2","1"
"362","4","1","2","1"
"363","4","1","2","1"
"364","4","1","2","1"
"365","4","1","2","1"
"366","4","1","2","1"
"367","4","1","2","1"
"368","4","1","2","1"
"369","4","1","2","1"
"370","4","1","2","1"
"371","4","1","2","1"
"372","4","1","2","1"
"373","4","1","2","1"
"374","4","1","2","1"
"375","4","1","2","1"
"376","4","1","2","1"
"377","4","1","2","1"
"378","4","1","2","1"
"379","4","1","2","1"
"380","4","1","2","1"
"381","4","1","2","1"
"382","4","1","2","1"
"383","4","1","2","1"
"384","4","1","2","1"
"385","4","1","2","1"
"386","4","1","2","1"
"387","4","1","2","1"
"388","4","1","2","1"
"389","4","1","2","1"
"390","4","1","2","1"
"391","4","1","2","1"
"392","4","1","2","1"
"393","4","1","2","1"
"394","4","1","2","1"
"395","4","1","2","1"
"396","4","1","2","1"
"397","4","1","2","1"
"398","4","1","2","1"
"3099","61","7","2","2"
"3100","62","7","2","3"
"3398","2","1","1","2"
"3101","62","7","2","3"
"3102","62","7","2","3"
"3103","62","7","2","3"
"3104","62","7","2","3"
"3105","62","7","2","3"
"3106","62","7","2","3"
"3108","62","7","2","3"
"3109","63","7","4","2"
"3110","63","7","4","2"
"3111","63","7","4","2"
"3112","63","7","4","2"
"3113","63","7","4","2"
"3114","63","7","4","2"
"3115","63","7","4","2"
"3399","2","1","1","2"
"3117","63","7","4","2"
"3118","64","7","4","3"
"3119","64","7","4","3"
"3120","64","7","4","3"
"3121","64","7","4","3"
"3122","64","7","4","3"
"3123","64","7","4","3"
"3124","64","7","4","3"
"2635","23","3","1","2"
"2636","23","3","1","2"
"2637","23","3","1","2"
"2638","23","3","1","2"
"2639","23","3","1","2"
"2640","23","3","1","2"
"2641","23","3","1","2"
"2642","20","5","3","2"
"2643","20","5","3","2"
"2644","20","5","3","2"
"2645","20","5","3","2"
"2646","20","5","3","2"
"2647","20","5","3","2"
"2648","20","5","3","2"
"2649","11","2","1","2"
"2650","11","2","1","2"
"2651","11","2","1","2"
"2652","11","2","1","2"
"2653","11","2","1","2"
"2654","11","2","1","2"
"2655","11","2","1","2"
"3205","66","7","2","5"
"3206","66","7","2","5"
"3207","66","7","2","5"
"3208","66","7","2","5"
"3209","66","7","2","5"
"3210","66","7","2","5"
"3211","66","7","2","5"
"3126","64","7","4","3"
"3212","66","7","2","5"
"3213","66","7","2","5"
"3214","66","7","2","5"
"3215","66","7","2","5"
"3216","66","7","2","5"
"3217","66","7","2","5"
"2670","27","3","2","2"
"2671","27","3","2","2"
"2672","27","3","2","2"
"2673","27","3","2","2"
"2674","27","3","2","2"
"2675","27","3","2","2"
"2676","27","3","2","2"
"2677","14","2","2","2"
"2678","14","2","2","2"
"2679","14","2","2","2"
"2680","14","2","2","2"
"2681","14","2","2","2"
"2682","14","2","2","2"
"2683","14","2","2","2"
"2684","3","1","1","3"
"2685","3","1","1","3"
"2686","3","1","1","3"
"2687","3","1","1","3"
"2688","3","1","1","3"
"2689","3","1","1","3"
"2690","3","1","1","3"
"2691","25","3","1","3"
"2692","25","3","1","3"
"2693","25","3","1","3"
"2694","25","3","1","3"
"2695","25","3","1","3"
"2696","25","3","1","3"
"2697","25","3","1","3"
"3218","66","7","2","5"
"3219","66","7","2","5"
"3220","66","7","2","5"
"3221","66","7","2","5"
"3222","66","7","2","5"
"3223","66","7","2","5"
"3224","67","7","4","5"
"2698","21","5","3","3"
"2699","21","5","3","3"
"2700","21","5","3","3"
"2701","21","5","3","3"
"2702","21","5","3","3"
"2703","21","5","3","3"
"2704","21","5","3","3"
"2705","12","2","1","3"
"2706","12","2","1","3"
"2707","12","2","1","3"
"2708","12","2","1","3"
"2709","12","2","1","3"
"2710","12","2","1","3"
"521","6","1","2","3"
"522","6","1","2","3"
"523","6","1","2","3"
"524","6","1","2","3"
"525","6","1","2","3"
"526","6","1","2","3"
"527","6","1","2","3"
"528","6","1","2","3"
"529","6","1","2","3"
"530","6","1","2","3"
"531","6","1","2","3"
"532","6","1","2","3"
"533","6","1","2","3"
"534","6","1","2","3"
"535","6","1","2","3"
"536","7","1","4","1"
"537","7","1","4","1"
"538","7","1","4","1"
"539","7","1","4","1"
"540","7","1","4","1"
"541","7","1","4","1"
"542","7","1","4","1"
"543","7","1","4","1"
"544","7","1","4","1"
"545","7","1","4","1"
"546","7","1","4","1"
"547","7","1","4","1"
"548","7","1","4","1"
"550","7","1","4","1"
"551","7","1","4","1"
"552","7","1","4","1"
"553","7","1","4","1"
"554","7","1","4","1"
"555","7","1","4","1"
"556","7","1","4","1"
"557","7","1","4","1"
"558","7","1","4","1"
"559","7","1","4","1"
"560","7","1","4","1"
"561","7","1","4","1"
"562","7","1","4","1"
"563","7","1","4","1"
"564","7","1","4","1"
"565","7","1","4","1"
"566","7","1","4","1"
"567","7","1","4","1"
"568","7","1","4","1"
"569","7","1","4","1"
"570","7","1","4","1"
"571","7","1","4","1"
"572","7","1","4","1"
"573","7","1","4","1"
"574","7","1","4","1"
"575","7","1","4","1"
"576","7","1","4","1"
"577","7","1","4","1"
"578","7","1","4","1"
"579","7","1","4","1"
"580","7","1","4","1"
"581","7","1","4","1"
"582","7","1","4","1"
"583","7","1","4","1"
"584","7","1","4","1"
"585","7","1","4","1"
"586","7","1","4","1"
"587","7","1","4","1"
"588","7","1","4","1"
"589","7","1","4","1"
"590","7","1","4","1"
"591","7","1","4","1"
"592","7","1","4","1"
"593","7","1","4","1"
"594","9","1","4","3"
"595","7","1","4","1"
"2711","12","2","1","3"
"3225","67","7","4","5"
"3226","67","7","4","5"
"3227","67","7","4","5"
"600","7","1","4","1"
"601","7","1","4","1"
"602","7","1","4","1"
"603","7","1","4","1"
"604","7","1","4","1"
"605","7","1","4","1"
"606","7","1","4","1"
"607","7","1","4","1"
"608","7","1","4","1"
"609","7","1","4","1"
"610","7","1","4","1"
"611","7","1","4","1"
"612","7","1","4","1"
"613","7","1","4","1"
"614","7","1","4","1"
"615","7","1","4","1"
"616","7","1","4","1"
"617","7","1","4","1"
"618","7","1","4","1"
"619","7","1","4","1"
"620","7","1","4","1"
"621","7","1","4","1"
"622","7","1","4","1"
"623","7","1","4","1"
"624","7","1","4","1"
"625","7","1","4","1"
"626","7","1","4","1"
"627","7","1","4","1"
"628","7","1","4","1"
"629","7","1","4","1"
"630","7","1","4","1"
"631","7","1","4","1"
"632","7","1","4","1"
"633","7","1","4","1"
"634","7","1","4","1"
"635","7","1","4","1"
"636","7","1","4","1"
"637","7","1","4","1"
"638","7","1","4","1"
"639","7","1","4","1"
"640","7","1","4","1"
"641","7","1","4","1"
"642","7","1","4","1"
"643","7","1","4","1"
"644","7","1","4","1"
"645","7","1","4","1"
"646","7","1","4","1"
"647","7","1","4","1"
"648","7","1","4","1"
"649","7","1","4","1"
"650","7","1","4","1"
"651","7","1","4","1"
"652","7","1","4","1"
"653","7","1","4","1"
"654","7","1","4","1"
"655","7","1","4","1"
"656","7","1","4","1"
"657","7","1","4","1"
"658","7","1","4","1"
"659","7","1","4","1"
"660","7","1","4","1"
"661","7","1","4","1"
"662","7","1","4","1"
"663","7","1","4","1"
"3400","2","1","1","2"
"2113","20","5","3","2"
"666","7","1","4","1"
"667","7","1","4","1"
"668","7","1","4","1"
"3228","67","7","4","5"
"3229","67","7","4","5"
"3230","67","7","4","5"
"3231","67","7","4","5"
"2719","6","1","2","3"
"2720","6","1","2","3"
"2721","6","1","2","3"
"2722","6","1","2","3"
"2723","6","1","2","3"
"2724","6","1","2","3"
"2725","6","1","2","3"
"2726","29","3","2","3"
"2727","29","3","2","3"
"2728","29","3","2","3"
"2729","29","3","2","3"
"2730","29","3","2","3"
"2731","29","3","2","3"
"2732","29","3","2","3"
"2733","15","2","2","3"
"2734","15","2","2","3"
"2735","15","2","2","3"
"2736","15","2","2","3"
"2737","15","2","2","3"
"2738","15","2","2","3"
"2739","15","2","2","3"
"1161","11","2","1","2"
"1162","11","2","1","2"
"1163","11","2","1","2"
"1164","11","2","1","2"
"1165","11","2","1","2"
"1166","11","2","1","2"
"1167","11","2","1","2"
"1168","11","2","1","2"
"1169","11","2","1","2"
"1170","11","2","1","2"
"1171","11","2","1","2"
"1172","11","2","1","2"
"1173","11","2","1","2"
"1174","11","2","1","2"
"1175","11","2","1","2"
"1176","11","2","1","2"
"1177","11","2","1","2"
"1178","11","2","1","2"
"1179","11","2","1","2"
"1180","11","2","1","2"
"1181","11","2","1","2"
"1182","11","2","1","2"
"1183","12","2","1","3"
"1184","12","2","1","3"
"1185","12","2","1","3"
"1186","12","2","1","3"
"1187","12","2","1","3"
"1188","12","2","1","3"
"1371","14","2","2","2"
"1372","14","2","2","2"
"1373","14","2","2","2"
"1374","14","2","2","2"
"1375","14","2","2","2"
"1376","14","2","2","2"
"1377","14","2","2","2"
"1378","14","2","2","2"
"1379","14","2","2","2"
"1380","14","2","2","2"
"1381","14","2","2","2"
"1382","14","2","2","2"
"1383","14","2","2","2"
"1384","14","2","2","2"
"1385","14","2","2","2"
"1386","14","2","2","2"
"1387","14","2","2","2"
"1388","14","2","2","2"
"1389","14","2","2","2"
"1390","14","2","2","2"
"1391","14","2","2","2"
"3232","67","7","4","5"
"3233","67","7","4","5"
"3234","67","7","4","5"
"3235","67","7","4","5"
"3236","67","7","4","5"
"3237","67","7","4","5"
"3238","67","7","4","5"
"3239","67","7","4","5"
"3240","67","7","4","5"
"3241","67","7","4","5"
"3242","67","7","4","5"
"3243","67","7","4","5"
"3401","2","1","1","2"
"3402","2","1","1","2"
"3403","2","1","1","2"
"819","14","2","2","2"
"1392","14","2","2","2"
"1393","14","2","2","2"
"1394","14","2","2","2"
"1395","14","2","2","2"
"1396","14","2","2","2"
"1397","14","2","2","2"
"1398","14","2","2","2"
"1399","14","2","2","2"
"1400","14","2","2","2"
"1401","14","2","2","2"
"1402","14","2","2","2"
"1403","14","2","2","2"
"1404","14","2","2","2"
"2114","20","5","3","2"
"3404","2","1","1","2"
"790","9","1","4","3"
"791","9","1","4","3"
"792","9","1","4","3"
"793","9","1","4","3"
"794","9","1","4","3"
"795","9","1","4","3"
"796","9","1","4","3"
"797","9","1","4","3"
"798","9","1","4","3"
"799","9","1","4","3"
"800","9","1","4","3"
"801","9","1","4","3"
"802","9","1","4","3"
"803","9","1","4","3"
"3405","2","1","1","2"
"3406","2","1","1","2"
"3407","2","1","1","2"
"3408","2","1","1","2"
"3409","2","1","1","2"
"3410","2","1","1","2"
"3411","2","1","1","2"
"3412","2","1","1","2"
"3413","2","1","1","2"
"3414","2","1","1","2"
"3415","2","1","1","2"
"3416","5","1","2","2"
"3417","5","1","2","2"
"3418","5","1","2","2"
"3419","5","1","2","2"
"3420","5","1","2","2"
"3421","5","1","2","2"
"3422","5","1","2","2"
"3423","5","1","2","2"
"3424","5","1","2","2"
"3425","5","1","2","2"
"3426","5","1","2","2"
"3427","5","1","2","2"
"3428","5","1","2","2"
"3429","5","1","2","2"
"3430","5","1","2","2"
"3431","5","1","2","2"
"3432","5","1","2","2"
"3433","5","1","2","2"
"3434","46","1","1","5"
"3435","46","1","1","5"
"3436","46","1","1","5"
"3437","46","1","1","5"
"3438","46","1","1","5"
"3439","46","1","1","5"
"3440","46","1","1","5"
"3441","46","1","1","5"
"3442","46","1","1","5"
"3443","46","1","1","5"
"3444","46","1","1","5"
"3445","46","1","1","5"
"3446","46","1","1","5"
"3447","46","1","1","5"
"3448","46","1","1","5"
"3449","46","1","1","5"
"3450","46","1","1","5"
"3451","46","1","1","5"
"3452","50","1","2","5"
"3453","50","1","2","5"
"3454","50","1","2","5"
"3455","50","1","2","5"
"3456","50","1","2","5"
"3457","50","1","2","5"
"3458","50","1","2","5"
"3459","50","1","2","5"
"3460","50","1","2","5"
"3461","50","1","2","5"
"3462","50","1","2","5"
"3463","50","1","2","5"
"3464","50","1","2","5"
"3465","50","1","2","5"
"3466","50","1","2","5"
"3467","50","1","2","5"
"3468","50","1","2","5"
"3469","50","1","2","5"
"3470","3","1","1","3"
"3471","3","1","1","3"
"3472","3","1","1","3"
"3473","3","1","1","3"
"3474","3","1","1","3"
"3475","3","1","1","3"
"3476","3","1","1","3"
"3477","3","1","1","3"
"3478","3","1","1","3"
"3479","3","1","1","3"
"3480","3","1","1","3"
"3481","3","1","1","3"
"3482","3","1","1","3"
"3483","3","1","1","3"
"3484","3","1","1","3"
"3485","3","1","1","3"
"3486","3","1","1","3"
"3487","3","1","1","3"
"3488","6","1","2","3"
"3489","6","1","2","3"
"3490","6","1","2","3"
"3491","6","1","2","3"
"3492","6","1","2","3"
"3493","6","1","2","3"
"3494","6","1","2","3"
"3495","6","1","2","3"
"3496","6","1","2","3"
"3497","6","1","2","3"
"3498","6","1","2","3"
"3499","6","1","2","3"
"3500","6","1","2","3"
"3501","6","1","2","3"
"3502","6","1","2","3"
"3503","6","1","2","3"
"3504","6","1","2","3"
"3505","6","1","2","3"
"3022","42","3","3","3"
"3023","41","3","3","2"
"3024","19","5","3","1"
"3047","34","4","1","1"
"3048","35","4","1","2"
"3049","36","4","1","3"
"3070","37","4","2","1"
"3071","38","4","2","2"
"3072","39","4","2","3"
"3003","11","2","1","2"
"3004","14","2","2","2"
"3009","23","3","1","2"
"3010","27","3","2","2"
"3012","25","3","1","3"
"3013","29","3","2","3"
"3244","46","1","1","5"
"3245","46","1","1","5"
"3246","46","1","1","5"
"3247","46","1","1","5"
"3248","46","1","1","5"
"3249","46","1","1","5"
"3250","46","1","1","5"
"3251","46","1","1","5"
"3252","46","1","1","5"
"3253","46","1","1","5"
"3254","46","1","1","5"
"3255","46","1","1","5"
"3256","46","1","1","5"
"3257","46","1","1","5"
"3258","46","1","1","5"
"3259","46","1","1","5"
"3260","46","1","1","5"
"3261","46","1","1","5"
"3262","50","1","2","5"
"3263","50","1","2","5"
"3264","50","1","2","5"
"3265","50","1","2","5"
"3266","50","1","2","5"
"3267","50","1","2","5"
"3268","50","1","2","5"
"3269","50","1","2","5"
"3270","50","1","2","5"
"3271","50","1","2","5"
"3272","50","1","2","5"
"3273","50","1","2","5"
"3274","50","1","2","5"
"3275","50","1","2","5"
"3276","50","1","2","5"
"3277","50","1","2","5"
"3278","50","1","2","5"
"3279","50","1","2","5"
"3280","56","1","4","5"
"3281","56","1","4","5"
"3282","56","1","4","5"
"3283","56","1","4","5"
"3284","56","1","4","5"
"3285","56","1","4","5"
"3286","56","1","4","5"
"3287","56","1","4","5"
"3288","56","1","4","5"
"3289","56","1","4","5"
"3290","56","1","4","5"
"3291","56","1","4","5"
"3292","56","1","4","5"
"3293","56","1","4","5"
"3294","56","1","4","5"
"3295","56","1","4","5"
"3296","56","1","4","5"
"3297","56","1","4","5"
"3302","11","2","1","2"
"3303","11","2","1","2"
"3304","11","2","1","2"
"3305","11","2","1","2"
"3310","14","2","2","2"
"3311","14","2","2","2"
"3312","14","2","2","2"
"3313","14","2","2","2"
"3318","17","2","4","2"
"3319","17","2","4","2"
"3320","17","2","4","2"
"3321","17","2","4","2"
"1219","18","2","4","3"
"3322","68","6","5","5"
"3323","46","1","1","5"
"3324","46","1","1","5"
"3325","47","2","1","5"
"3326","47","2","1","5"
"3327","48","3","1","5"
"3328","48","3","1","5"
"3329","49","4","1","5"
"3330","49","4","1","5"
"3331","50","1","2","5"
"3332","50","1","2","5"
"3333","51","2","2","5"
"3334","51","2","2","5"
"3335","52","3","2","5"
"3336","52","3","2","5"
"3337","53","4","2","5"
"3338","53","4","2","5"
"3339","54","3","3","5"
"3340","54","3","3","5"
"3341","55","5","3","5"
"3342","55","5","3","5"
"3343","56","1","4","5"
"3344","56","1","4","5"
"3345","57","2","4","5"
"3346","57","2","4","5"
"3347","58","3","4","5"
"3348","58","3","4","5"
"3349","65","7","1","5"
"3350","65","7","1","5"
"3351","66","7","2","5"
"3352","66","7","2","5"
"3353","67","7","4","5"
"3354","67","7","4","5"
"3355","68","6","5","5"
"3356","68","6","5","5"
"896","10","2","1","1"
"3357","49","4","1","5"
"3358","49","4","1","5"
"3359","49","4","1","5"
"3360","49","4","1","5"
"3361","53","4","2","5"
"3362","53","4","2","5"
"3363","53","4","2","5"
"3364","53","4","2","5"
"3365","43","6","5","1"
"3366","43","6","5","1"
"3367","43","6","5","1"
"3368","44","6","5","2"
"3369","44","6","5","2"
"3370","44","6","5","2"
"3371","44","6","5","2"
"3372","42","3","3","3"
"3373","41","3","3","2"
"3374","42","3","3","3"
"3375","41","3","3","2"
"3376","42","3","3","3"
"3377","41","3","3","2"
"3378","42","3","3","3"
"3379","41","3","3","2"
"3380","42","3","3","3"
"3381","41","3","3","2"
"3382","42","3","3","3"
"1578","18","2","4","3"
"1756","17","2","4","2"
"1757","17","2","4","2"
"1758","17","2","4","2"
"1759","17","2","4","2"
"1760","17","2","4","2"
"1761","17","2","4","2"
"1762","17","2","4","2"
"1763","17","2","4","2"
"1764","17","2","4","2"
"1765","17","2","4","2"
"1766","17","2","4","2"
"1767","17","2","4","2"
"1768","17","2","4","2"
"1769","17","2","4","2"
"1770","17","2","4","2"
"1771","17","2","4","2"
"1772","17","2","4","2"
"1773","17","2","4","2"
"1774","17","2","4","2"
"1775","17","2","4","2"
"1776","17","2","4","2"
"1777","17","2","4","2"
"1778","17","2","4","2"
"1779","17","2","4","2"
"1780","17","2","4","2"
"1781","17","2","4","2"
"1782","17","2","4","2"
"1783","17","2","4","2"
"1784","17","2","4","2"
"1785","17","2","4","2"
"1786","17","2","4","2"
"1787","17","2","4","2"
"1788","17","2","4","2"
"1789","17","2","4","2"
"1790","17","2","4","2"
"1791","17","2","4","2"
"1792","17","2","4","2"
"1793","17","2","4","2"
"1794","17","2","4","2"
"1795","17","2","4","2"
"1796","17","2","4","2"
"1797","17","2","4","2"
"1798","17","2","4","2"
"1799","17","2","4","2"
"1800","17","2","4","2"
"1801","17","2","4","2"
"1802","17","2","4","2"
"1803","17","2","4","2"
"1804","17","2","4","2"
"1805","17","2","4","2"
"1806","17","2","4","2"
"1807","17","2","4","2"
"1808","17","2","4","2"
"1809","17","2","4","2"
"1810","17","2","4","2"
"1811","17","2","4","2"
"1812","17","2","4","2"
"1813","17","2","4","2"
"1814","17","2","4","2"
"1815","17","2","4","2"
"1816","17","2","4","2"
"1817","17","2","4","2"
"1818","17","2","4","2"
"1819","17","2","4","2"
"1820","17","2","4","2"
"1821","17","2","4","2"
"1822","17","2","4","2"
"1823","17","2","4","2"
"1824","17","2","4","2"
"1825","17","2","4","2"
"1826","17","2","4","2"
"1827","17","2","4","2"
"1828","17","2","4","2"
"1829","17","2","4","2"
"1830","17","2","4","2"
"1831","17","2","4","2"
"1832","17","2","4","2"
"1833","17","2","4","2"
"1834","17","2","4","2"
"1835","17","2","4","2"
"1836","17","2","4","2"
"1837","17","2","4","2"
"1838","17","2","4","2"
"1839","17","2","4","2"
"1840","17","2","4","2"
"1841","17","2","4","2"
"1842","17","2","4","2"
"1843","17","2","4","2"
"1844","17","2","4","2"
"1845","17","2","4","2"
"1846","17","2","4","2"
"1847","17","2","4","2"
"1848","17","2","4","2"
"1849","17","2","4","2"
"1850","17","2","4","2"
"1851","17","2","4","2"
"1852","17","2","4","2"
"1853","17","2","4","2"
"1854","17","2","4","2"
"1855","17","2","4","2"
"1856","17","2","4","2"
"1857","17","2","4","2"
"1858","17","2","4","2"
"1859","17","2","4","2"
"1860","17","2","4","2"
"1861","17","2","4","2"
"1862","17","2","4","2"
"1863","17","2","4","2"
"1864","17","2","4","2"
"1865","17","2","4","2"
"1866","17","2","4","2"
"1867","17","2","4","2"
"1868","17","2","4","2"
"1869","17","2","4","2"
"1870","17","2","4","2"
"1871","17","2","4","2"
"1872","17","2","4","2"
"1873","17","2","4","2"
"1874","17","2","4","2"
"1875","17","2","4","2"
"1876","17","2","4","2"
"1877","17","2","4","2"
"1878","17","2","4","2"
"1879","17","2","4","2"
"1880","17","2","4","2"
"1881","17","2","4","2"
"1882","17","2","4","2"
"1883","17","2","4","2"
"1884","17","2","4","2"
"1885","17","2","4","2"
"1886","17","2","4","2"
"1887","17","2","4","2"
"1888","17","2","4","2"
"1889","17","2","4","2"
"1890","17","2","4","2"
"1891","17","2","4","2"
"1892","17","2","4","2"
"1893","17","2","4","2"
"1894","17","2","4","2"
"1895","17","2","4","2"
"1896","17","2","4","2"
"1897","17","2","4","2"
"1898","17","2","4","2"
"1899","17","2","4","2"
"1900","17","2","4","2"
"1901","17","2","4","2"
"1902","17","2","4","2"
"1903","17","2","4","2"
"1904","17","2","4","2"
"1905","17","2","4","2"
"1906","17","2","4","2"
"1907","17","2","4","2"
"1908","17","2","4","2"
"1909","17","2","4","2"
"1910","17","2","4","2"
"1911","17","2","4","2"
"1912","17","2","4","2"
"1913","17","2","4","2"
"1914","17","2","4","2"
"1915","17","2","4","2"
"1916","17","2","4","2"
"1917","17","2","4","2"
"1918","17","2","4","2"
"1919","17","2","4","2"
"1920","17","2","4","2"
"1921","17","2","4","2"
"1922","17","2","4","2"
"1923","17","2","4","2"
"1924","17","2","4","2"
"1925","17","2","4","2"
"1926","17","2","4","2"
"1927","17","2","4","2"
"1928","17","2","4","2"
"1929","17","2","4","2"
"1930","17","2","4","2"
"1931","17","2","4","2"
"1932","17","2","4","2"
"1933","17","2","4","2"
"1934","17","2","4","2"
"1935","17","2","4","2"
"1936","17","2","4","2"
"1937","17","2","4","2"
"1938","17","2","4","2"
"1939","17","2","4","2"
"1940","17","2","4","2"
"1941","17","2","4","2"
"1942","17","2","4","2"
"1943","17","2","4","2"
"1944","17","2","4","2"
"1945","17","2","4","2"
"1946","17","2","4","2"
"1947","17","2","4","2"
"1948","17","2","4","2"
"1949","17","2","4","2"
"1950","17","2","4","2"
"1951","17","2","4","2"
"1952","17","2","4","2"
"1953","18","2","4","3"
"1954","18","2","4","3"
"1955","18","2","4","3"
"1956","18","2","4","3"
"1957","19","5","3","1"
"1958","19","5","3","1"
"1959","19","5","3","1"
"1960","19","5","3","1"
"1961","19","5","3","1"
"1962","19","5","3","1"
"1963","19","5","3","1"
"1964","19","5","3","1"
"1965","19","5","3","1"
"1966","19","5","3","1"
"1967","19","5","3","1"
"1968","19","5","3","1"
"1969","19","5","3","1"
"1970","19","5","3","1"
"1971","19","5","3","1"
"1972","19","5","3","1"
"1973","19","5","3","1"
"1974","19","5","3","1"
"1975","19","5","3","1"
"1976","19","5","3","1"
"1977","19","5","3","1"
"1978","19","5","3","1"
"1979","19","5","3","1"
"1980","19","5","3","1"
"1981","19","5","3","1"
"1982","19","5","3","1"
"1983","19","5","3","1"
"1984","19","5","3","1"
"1985","19","5","3","1"
"1986","19","5","3","1"
"1987","19","5","3","1"
"1988","19","5","3","1"
"1989","19","5","3","1"
"1990","19","5","3","1"
"1991","19","5","3","1"
"1992","19","5","3","1"
"1993","19","5","3","1"
"1994","19","5","3","1"
"1995","19","5","3","1"
"1996","19","5","3","1"
"1997","19","5","3","1"
"1998","19","5","3","1"
"1999","19","5","3","1"
"2000","19","5","3","1"
"2001","19","5","3","1"
"2002","19","5","3","1"
"2003","19","5","3","1"
"2004","19","5","3","1"
"2005","19","5","3","1"
"2006","19","5","3","1"
"2007","19","5","3","1"
"2008","19","5","3","1"
"2009","19","5","3","1"
"2010","19","5","3","1"
"2011","19","5","3","1"
"2012","19","5","3","1"
"2013","19","5","3","1"
"2014","19","5","3","1"
"2015","19","5","3","1"
"2016","19","5","3","1"
"2017","19","5","3","1"
"2018","19","5","3","1"
"2019","19","5","3","1"
"2020","19","5","3","1"
"2021","19","5","3","1"
"2022","19","5","3","1"
"2023","19","5","3","1"
"2024","19","5","3","1"
"2025","19","5","3","1"
"2026","19","5","3","1"
"2027","19","5","3","1"
"2028","19","5","3","1"
"2029","19","5","3","1"
"2030","19","5","3","1"
"2031","19","5","3","1"
"2032","19","5","3","1"
"2033","19","5","3","1"
"2034","19","5","3","1"
"2035","19","5","3","1"
"2036","19","5","3","1"
"2037","19","5","3","1"
"2038","19","5","3","1"
"2039","19","5","3","1"
"2040","19","5","3","1"
"2041","19","5","3","1"
"2042","19","5","3","1"
"2043","19","5","3","1"
"2044","19","5","3","1"
"2045","19","5","3","1"
"2046","19","5","3","1"
"2047","19","5","3","1"
"2048","19","5","3","1"
"2049","19","5","3","1"
"2050","19","5","3","1"
"2051","19","5","3","1"
"2052","19","5","3","1"
"2053","19","5","3","1"
"2054","19","5","3","1"
"2055","19","5","3","1"
"2056","19","5","3","1"
"2057","19","5","3","1"
"2058","19","5","3","1"
"2059","19","5","3","1"
"2060","19","5","3","1"
"2061","19","5","3","1"
"2062","19","5","3","1"
"2063","19","5","3","1"
"2064","19","5","3","1"
"2065","19","5","3","1"
"2066","19","5","3","1"
"2067","19","5","3","1"
"2068","19","5","3","1"
"2069","19","5","3","1"
"2070","19","5","3","1"
"2071","19","5","3","1"
"2072","19","5","3","1"
"2073","19","5","3","1"
"2074","19","5","3","1"
"2075","19","5","3","1"
"2076","19","5","3","1"
"2077","19","5","3","1"
"2078","19","5","3","1"
"2079","19","5","3","1"
"2080","19","5","3","1"
"2081","19","5","3","1"
"2082","19","5","3","1"
"2083","19","5","3","1"
"2084","19","5","3","1"
"2085","19","5","3","1"
"2086","19","5","3","1"
"2087","19","5","3","1"
"2088","19","5","3","1"
"2089","19","5","3","1"
"2090","19","5","3","1"
"2091","19","5","3","1"
"2092","19","5","3","1"
"2093","19","5","3","1"
"2094","19","5","3","1"
"2095","19","5","3","1"
"3383","41","3","3","2"
"3384","42","3","3","3"
"3385","41","3","3","2"
"3386","41","3","3","2"
"3387","42","3","3","3"
"3388","41","3","3","2"
"3389","41","3","3","2"
"3390","41","3","3","2"
"3391","41","3","3","2"
"3392","41","3","3","2"
"3393","41","3","3","2"
"3394","41","3","3","2"
"3395","41","3","3","2"
"3396","42","3","3","3"
"3397","41","3","3","2"
"2162","32","3","4","3"
"2163","42","3","3","3"
"2164","22","3","1","1"
"2165","26","3","2","1"
"2166","30","3","4","1"
"2167","40","3","3","1"
"2168","22","3","1","1"
"2169","26","3","2","1"
"2170","30","3","4","1"
"2171","40","3","3","1"
"2190","31","3","4","2"
"2191","31","3","4","2"
"2192","31","3","4","2"
"2193","31","3","4","2"
"2194","31","3","4","2"
"2195","31","3","4","2"
"2196","31","3","4","2"
"2197","31","3","4","2"
"2198","31","3","4","2"
"2199","41","3","3","2"
"2200","41","3","3","2"
"2201","41","3","3","2"
"2202","41","3","3","2"
"2203","41","3","3","2"
"2204","41","3","3","2"
"2205","41","3","3","2"
"2206","41","3","3","2"
"2207","41","3","3","2"
"2208","34","4","1","1"
"2209","34","4","1","1"
"2210","34","4","1","1"
"2211","34","4","1","1"
"2212","34","4","1","1"
"2213","34","4","1","1"
"2214","34","4","1","1"
"2215","34","4","1","1"
"2216","34","4","1","1"
"2217","34","4","1","1"
"2218","34","4","1","1"
"2219","34","4","1","1"
"2220","34","4","1","1"
"2221","34","4","1","1"
"2222","34","4","1","1"
"2223","34","4","1","1"
"2224","34","4","1","1"
"2225","34","4","1","1"
"2226","34","4","1","1"
"2227","34","4","1","1"
"2228","34","4","1","1"
"2229","34","4","1","1"
"2230","34","4","1","1"
"2231","34","4","1","1"
"2232","34","4","1","1"
"2233","34","4","1","1"
"2234","34","4","1","1"
"2235","34","4","1","1"
"2236","34","4","1","1"
"2237","34","4","1","1"
"2238","34","4","1","1"
"2239","34","4","1","1"
"2240","34","4","1","1"
"2241","34","4","1","1"
"2242","34","4","1","1"
"2243","34","4","1","1"
"2244","34","4","1","1"
"2245","34","4","1","1"
"2246","34","4","1","1"
"2247","34","4","1","1"
"2248","34","4","1","1"
"2249","34","4","1","1"
"2250","34","4","1","1"
"2251","34","4","1","1"
"2252","34","4","1","1"
"2253","34","4","1","1"
"2254","34","4","1","1"
"2255","34","4","1","1"
"2256","34","4","1","1"
"2257","34","4","1","1"
"2258","34","4","1","1"
"2259","34","4","1","1"
"2260","34","4","1","1"
"2261","37","4","2","1"
"2262","37","4","2","1"
"2263","37","4","2","1"
"2264","37","4","2","1"
"2265","37","4","2","1"
"2266","37","4","2","1"
"2267","37","4","2","1"
"2268","37","4","2","1"
"2269","37","4","2","1"
"2270","37","4","2","1"
"2271","37","4","2","1"
"2272","37","4","2","1"
"2273","37","4","2","1"
"2274","37","4","2","1"
"2275","37","4","2","1"
"2276","37","4","2","1"
"2277","37","4","2","1"
"2278","37","4","2","1"
"2279","37","4","2","1"
"2280","37","4","2","1"
"2281","37","4","2","1"
"2282","37","4","2","1"
"2283","37","4","2","1"
"2284","37","4","2","1"
"2285","37","4","2","1"
"2286","37","4","2","1"
"2287","37","4","2","1"
"2288","37","4","2","1"
"2289","37","4","2","1"
"2290","37","4","2","1"
"2291","37","4","2","1"
"2292","37","4","2","1"
"2293","37","4","2","1"
"2294","37","4","2","1"
"2295","37","4","2","1"
"2296","37","4","2","1"
"2297","37","4","2","1"
"2298","37","4","2","1"
"2299","37","4","2","1"
"2300","37","4","2","1"
"2301","37","4","2","1"
"2302","37","4","2","1"
"2303","37","4","2","1"
"2304","37","4","2","1"
"2305","37","4","2","1"
"2306","37","4","2","1"
"2307","37","4","2","1"
"2308","37","4","2","1"
"2309","37","4","2","1"
"2310","37","4","2","1"
"2311","37","4","2","1"
"2312","37","4","2","1"
"2313","37","4","2","1"
"2314","34","4","1","1"
"2315","34","4","1","1"
"2316","34","4","1","1"
"2317","34","4","1","1"
"2318","34","4","1","1"
"2319","34","4","1","1"
"2320","34","4","1","1"
"2321","34","4","1","1"
"2322","34","4","1","1"
"2323","34","4","1","1"
"2324","37","4","2","1"
"2325","37","4","2","1"
"2326","37","4","2","1"
"2327","37","4","2","1"
"2328","37","4","2","1"
"2329","37","4","2","1"
"2330","37","4","2","1"
"2331","37","4","2","1"
"2332","37","4","2","1"
"2333","37","4","2","1"
"2334","37","4","2","1"
"2335","35","4","1","2"
"2336","35","4","1","2"
"2337","35","4","1","2"
"2338","35","4","1","2"
"2339","35","4","1","2"
"2340","35","4","1","2"
"2341","35","4","1","2"
"2342","35","4","1","2"
"2343","35","4","1","2"
"2344","35","4","1","2"
"2345","35","4","1","2"
"2346","35","4","1","2"
"2347","35","4","1","2"
"2348","35","4","1","2"
"2349","35","4","1","2"
"2350","35","4","1","2"
"2351","38","4","2","2"
"2352","38","4","2","2"
"2353","38","4","2","2"
"2354","38","4","2","2"
"2355","38","4","2","2"
"2356","38","4","2","2"
"2357","38","4","2","2"
"2358","38","4","2","2"
"2359","38","4","2","2"
"2360","38","4","2","2"
"2361","38","4","2","2"
"2362","38","4","2","2"
"2363","38","4","2","2"
"2364","38","4","2","2"
"2365","38","4","2","2"
"2366","38","4","2","2"
"2367","36","4","1","3"
"2368","36","4","1","3"
"2369","36","4","1","3"
"2370","39","4","2","3"
"2371","39","4","2","3"
"2372","39","4","2","3"
"2373","34","4","1","1"
"2901","35","4","1","2"
"2902","36","4","1","3"
"2376","17","2","4","2"
"2377","19","5","3","1"
"2378","19","5","3","1"
"2380","1","1","1","1"
"2381","1","1","1","1"
"2383","4","1","2","1"
"2384","4","1","2","1"
"2386","7","1","4","1"
"2387","7","1","4","1"
"2389","2","1","1","2"
"2391","2","1","1","2"
"2393","5","1","2","2"
"2395","5","1","2","2"
"2397","8","1","4","2"
"2399","8","1","4","2"
"2401","2","1","1","2"
"2402","5","1","2","2"
"2403","8","1","4","2"
"3005","17","2","4","2"
"3006","22","3","1","1"
"2406","17","2","4","2"
"3007","26","3","2","1"
"3008","30","3","4","1"
"3011","31","3","4","2"
"3014","32","3","4","3"
"3018","37","4","2","1"
"3019","38","4","2","2"
"3020","39","4","2","3"
"2425","17","2","4","2"
"3021","40","3","3","1"
"57","2","1","1","2"
"132","2","1","1","2"
"133","2","1","1","2"
"134","2","1","1","2"
"135","2","1","1","2"
"136","2","1","1","2"
"137","2","1","1","2"
"138","2","1","1","2"
"139","2","1","1","2"
"140","2","1","1","2"
"141","2","1","1","2"
"142","2","1","1","2"
"143","2","1","1","2"
"144","2","1","1","2"
"145","2","1","1","2"
"146","2","1","1","2"
"147","2","1","1","2"
"148","2","1","1","2"
"149","2","1","1","2"
"150","2","1","1","2"
"151","2","1","1","2"
"152","2","1","1","2"
"153","2","1","1","2"
"154","2","1","1","2"
"155","2","1","1","2"
"156","2","1","1","2"
"157","2","1","1","2"
"158","2","1","1","2"
"159","2","1","1","2"
"160","2","1","1","2"
"161","2","1","1","2"
"162","2","1","1","2"
"163","2","1","1","2"
"164","2","1","1","2"
"165","2","1","1","2"
"166","2","1","1","2"
"167","2","1","1","2"
"175","2","1","1","2"
"176","2","1","1","2"
"177","2","1","1","2"
"188","2","1","1","2"
"189","2","1","1","2"
"190","2","1","1","2"
"191","2","1","1","2"
"192","2","1","1","2"
"193","2","1","1","2"
"194","2","1","1","2"
"195","2","1","1","2"
"196","2","1","1","2"
"197","2","1","1","2"
"198","2","1","1","2"
"199","2","1","1","2"
"200","2","1","1","2"
"201","2","1","1","2"
"202","2","1","1","2"
"203","2","1","1","2"
"212","2","1","1","2"
"213","2","1","1","2"
"214","2","1","1","2"
"215","2","1","1","2"
"216","2","1","1","2"
"217","2","1","1","2"
"218","2","1","1","2"
"219","2","1","1","2"
"220","2","1","1","2"
"221","2","1","1","2"
"222","2","1","1","2"
"223","2","1","1","2"
"224","2","1","1","2"
"225","2","1","1","2"
"230","2","1","1","2"
"231","2","1","1","2"
"249","2","1","1","2"
"250","2","1","1","2"
"251","2","1","1","2"
"252","2","1","1","2"
"399","5","1","2","2"
"400","5","1","2","2"
"401","5","1","2","2"
"402","5","1","2","2"
"403","5","1","2","2"
"404","5","1","2","2"
"405","5","1","2","2"
"406","5","1","2","2"
"407","5","1","2","2"
"408","5","1","2","2"
"409","5","1","2","2"
"410","5","1","2","2"
"411","5","1","2","2"
"412","5","1","2","2"
"413","5","1","2","2"
"414","5","1","2","2"
"415","5","1","2","2"
"416","5","1","2","2"
"417","5","1","2","2"
"418","5","1","2","2"
"419","5","1","2","2"
"420","5","1","2","2"
"421","5","1","2","2"
"422","5","1","2","2"
"423","5","1","2","2"
"424","5","1","2","2"
"425","5","1","2","2"
"426","5","1","2","2"
"427","5","1","2","2"
"428","5","1","2","2"
"429","5","1","2","2"
"430","5","1","2","2"
"431","5","1","2","2"
"432","5","1","2","2"
"433","5","1","2","2"
"434","5","1","2","2"
"442","5","1","2","2"
"443","5","1","2","2"
"444","5","1","2","2"
"455","5","1","2","2"
"456","5","1","2","2"
"457","5","1","2","2"
"458","5","1","2","2"
"459","5","1","2","2"
"460","5","1","2","2"
"461","5","1","2","2"
"462","5","1","2","2"
"463","5","1","2","2"
"464","5","1","2","2"
"465","5","1","2","2"
"466","5","1","2","2"
"467","5","1","2","2"
"468","5","1","2","2"
"469","5","1","2","2"
"470","5","1","2","2"
"471","5","1","2","2"
"480","5","1","2","2"
"481","5","1","2","2"
"482","5","1","2","2"
"483","5","1","2","2"
"484","5","1","2","2"
"485","5","1","2","2"
"486","5","1","2","2"
"487","5","1","2","2"
"488","5","1","2","2"
"489","5","1","2","2"
"490","5","1","2","2"
"491","5","1","2","2"
"492","5","1","2","2"
"493","5","1","2","2"
"985","11","2","1","2"
"986","11","2","1","2"
"987","11","2","1","2"
"498","5","1","2","2"
"499","5","1","2","2"
"517","5","1","2","2"
"518","5","1","2","2"
"519","5","1","2","2"
"520","5","1","2","2"
"669","8","1","4","2"
"670","8","1","4","2"
"671","8","1","4","2"
"672","8","1","4","2"
"673","8","1","4","2"
"674","8","1","4","2"
"675","8","1","4","2"
"676","8","1","4","2"
"677","8","1","4","2"
"678","8","1","4","2"
"679","8","1","4","2"
"680","8","1","4","2"
"681","8","1","4","2"
"682","8","1","4","2"
"683","8","1","4","2"
"684","8","1","4","2"
"685","8","1","4","2"
"686","8","1","4","2"
"687","8","1","4","2"
"688","8","1","4","2"
"689","8","1","4","2"
"690","8","1","4","2"
"691","8","1","4","2"
"692","8","1","4","2"
"693","8","1","4","2"
"694","8","1","4","2"
"695","8","1","4","2"
"696","8","1","4","2"
"697","8","1","4","2"
"698","8","1","4","2"
"699","8","1","4","2"
"700","8","1","4","2"
"701","8","1","4","2"
"702","8","1","4","2"
"703","8","1","4","2"
"704","8","1","4","2"
"712","8","1","4","2"
"713","8","1","4","2"
"714","8","1","4","2"
"725","8","1","4","2"
"726","8","1","4","2"
"727","8","1","4","2"
"728","8","1","4","2"
"729","8","1","4","2"
"730","8","1","4","2"
"731","8","1","4","2"
"732","8","1","4","2"
"733","8","1","4","2"
"734","8","1","4","2"
"735","8","1","4","2"
"736","8","1","4","2"
"737","8","1","4","2"
"738","8","1","4","2"
"739","8","1","4","2"
"740","8","1","4","2"
"741","8","1","4","2"
"749","8","1","4","2"
"750","8","1","4","2"
"751","8","1","4","2"
"752","8","1","4","2"
"753","8","1","4","2"
"754","8","1","4","2"
"755","8","1","4","2"
"756","8","1","4","2"
"757","8","1","4","2"
"758","8","1","4","2"
"759","8","1","4","2"
"760","8","1","4","2"
"761","8","1","4","2"
"762","8","1","4","2"
"988","11","2","1","2"
"989","11","2","1","2"
"990","11","2","1","2"
"991","11","2","1","2"
"767","8","1","4","2"
"768","8","1","4","2"
"786","8","1","4","2"
"787","8","1","4","2"
"788","8","1","4","2"
"789","8","1","4","2"
"2408","2","1","1","2"
"2413","5","1","2","2"
"2418","8","1","4","2"
"204","2","1","1","2"
"205","2","1","1","2"
"206","2","1","1","2"
"207","2","1","1","2"
"208","2","1","1","2"
"209","2","1","1","2"
"210","2","1","1","2"
"211","2","1","1","2"
"232","2","1","1","2"
"233","2","1","1","2"
"234","2","1","1","2"
"235","2","1","1","2"
"236","2","1","1","2"
"237","2","1","1","2"
"238","2","1","1","2"
"239","2","1","1","2"
"240","2","1","1","2"
"241","2","1","1","2"
"242","2","1","1","2"
"243","2","1","1","2"
"244","2","1","1","2"
"245","2","1","1","2"
"246","2","1","1","2"
"247","2","1","1","2"
"248","2","1","1","2"
"2656","44","6","5","2"
"2657","44","6","5","2"
"2658","44","6","5","2"
"2659","44","6","5","2"
"2660","44","6","5","2"
"2661","44","6","5","2"
"2662","44","6","5","2"
"2712","45","6","5","3"
"2713","45","6","5","3"
"2714","45","6","5","3"
"2715","45","6","5","3"
"2716","45","6","5","3"
"2717","45","6","5","3"
"2718","45","6","5","3"
"3184","65","7","1","5"
"3185","65","7","1","5"
"3186","65","7","1","5"
"472","5","1","2","2"
"473","5","1","2","2"
"474","5","1","2","2"
"475","5","1","2","2"
"476","5","1","2","2"
"477","5","1","2","2"
"478","5","1","2","2"
"479","5","1","2","2"
"500","5","1","2","2"
"501","5","1","2","2"
"502","5","1","2","2"
"503","5","1","2","2"
"504","5","1","2","2"
"505","5","1","2","2"
"506","5","1","2","2"
"507","5","1","2","2"
"508","5","1","2","2"
"509","5","1","2","2"
"510","5","1","2","2"
"511","5","1","2","2"
"512","5","1","2","2"
"513","5","1","2","2"
"514","5","1","2","2"
"515","5","1","2","2"
"516","5","1","2","2"
"3187","65","7","1","5"
"3188","65","7","1","5"
"3189","65","7","1","5"
"3190","65","7","1","5"
"3191","65","7","1","5"
"3192","65","7","1","5"
"3193","65","7","1","5"
"3194","65","7","1","5"
"3195","65","7","1","5"
"3196","65","7","1","5"
"3197","65","7","1","5"
"3198","65","7","1","5"
"3199","65","7","1","5"
"3200","65","7","1","5"
"3201","65","7","1","5"
"3202","65","7","1","5"
"3203","65","7","1","5"
"742","8","1","4","2"
"549","8","1","4","2"
"743","8","1","4","2"
"744","8","1","4","2"
"745","8","1","4","2"
"746","8","1","4","2"
"747","8","1","4","2"
"748","8","1","4","2"
"769","8","1","4","2"
"770","8","1","4","2"
"771","8","1","4","2"
"772","8","1","4","2"
"773","8","1","4","2"
"774","8","1","4","2"
"775","8","1","4","2"
"776","8","1","4","2"
"777","8","1","4","2"
"778","8","1","4","2"
"779","8","1","4","2"
"3204","66","7","2","5"
"1271","13","2","2","1"
"780","8","1","4","2"
"781","8","1","4","2"
"782","8","1","4","2"
"783","8","1","4","2"
"784","8","1","4","2"
"785","8","1","4","2"
"2382","2","1","1","2"
"2385","5","1","2","2"
"2388","8","1","4","2"
"168","2","1","1","2"
"169","2","1","1","2"
"170","2","1","1","2"
"171","2","1","1","2"
"172","2","1","1","2"
"173","2","1","1","2"
"174","2","1","1","2"
"178","2","1","1","2"
"179","2","1","1","2"
"180","2","1","1","2"
"181","2","1","1","2"
"182","2","1","1","2"
"183","2","1","1","2"
"184","2","1","1","2"
"185","2","1","1","2"
"186","2","1","1","2"
"187","2","1","1","2"
"2412","2","1","1","2"
"2411","2","1","1","2"
"2410","2","1","1","2"
"2409","2","1","1","2"
"2417","5","1","2","2"
"2416","5","1","2","2"
"2415","5","1","2","2"
"2414","5","1","2","2"
"2422","8","1","4","2"
"2421","8","1","4","2"
"2420","8","1","4","2"
"2419","8","1","4","2"
"992","11","2","1","2"
"993","11","2","1","2"
"994","11","2","1","2"
"995","11","2","1","2"
"996","11","2","1","2"
"997","11","2","1","2"
"998","11","2","1","2"
"999","11","2","1","2"
"1000","11","2","1","2"
"1001","11","2","1","2"
"1002","11","2","1","2"
"1003","11","2","1","2"
"1004","11","2","1","2"
"1005","11","2","1","2"
"1006","11","2","1","2"
"1007","11","2","1","2"
"1008","11","2","1","2"
"1009","11","2","1","2"
"1010","11","2","1","2"
"1011","11","2","1","2"
"1012","11","2","1","2"
"1013","11","2","1","2"
"1014","11","2","1","2"
"1015","11","2","1","2"
"1016","11","2","1","2"
"1017","11","2","1","2"
"1018","11","2","1","2"
"1019","11","2","1","2"
"1020","11","2","1","2"
"1021","11","2","1","2"
"1022","11","2","1","2"
"1023","11","2","1","2"
"1024","11","2","1","2"
"1025","11","2","1","2"
"1026","11","2","1","2"
"1027","11","2","1","2"
"1028","11","2","1","2"
"1029","11","2","1","2"
"1030","11","2","1","2"
"1031","11","2","1","2"
"1032","11","2","1","2"
"1033","11","2","1","2"
"1034","11","2","1","2"
"1035","11","2","1","2"
"1036","11","2","1","2"
"1037","11","2","1","2"
"1038","11","2","1","2"
"1039","11","2","1","2"
"1040","11","2","1","2"
"1041","11","2","1","2"
"1042","11","2","1","2"
"1043","11","2","1","2"
"1044","11","2","1","2"
"1045","11","2","1","2"
"1046","11","2","1","2"
"1047","11","2","1","2"
"1048","11","2","1","2"
"1049","11","2","1","2"
"1050","11","2","1","2"
"1051","11","2","1","2"
"1052","11","2","1","2"
"1053","11","2","1","2"
"1054","11","2","1","2"
"1055","11","2","1","2"
"1056","11","2","1","2"
"1057","11","2","1","2"
"1058","11","2","1","2"
"1059","11","2","1","2"
"2740","46","1","1","5"
"2741","46","1","1","5"
"2742","46","1","1","5"
"2743","46","1","1","5"
"2744","46","1","1","5"
"2745","46","1","1","5"
"2746","46","1","1","5"
"2747","46","1","1","5"
"2748","46","1","1","5"
"2749","46","1","1","5"
"2750","46","1","1","5"
"2751","46","1","1","5"
"2752","46","1","1","5"
"2753","46","1","1","5"
"2754","46","1","1","5"
"2755","46","1","1","5"
"2756","46","1","1","5"
"2757","46","1","1","5"
"2758","46","1","1","5"
"2759","46","1","1","5"
"2760","50","1","2","5"
"2761","50","1","2","5"
"2762","50","1","2","5"
"2763","50","1","2","5"
"2764","50","1","2","5"
"2765","50","1","2","5"
"2766","50","1","2","5"
"2767","50","1","2","5"
"2768","50","1","2","5"
"2769","50","1","2","5"
"2770","50","1","2","5"
"2771","50","1","2","5"
"2772","50","1","2","5"
"2773","50","1","2","5"
"2774","50","1","2","5"
"2775","50","1","2","5"
"2776","50","1","2","5"
"2777","50","1","2","5"
"2778","50","1","2","5"
"2779","50","1","2","5"
"2780","56","1","4","5"
"2781","56","1","4","5"
"2782","56","1","4","5"
"2783","56","1","4","5"
"2784","56","1","4","5"
"2785","56","1","4","5"
"2786","56","1","4","5"
"2787","56","1","4","5"
"2788","56","1","4","5"
"2789","56","1","4","5"
"2790","56","1","4","5"
"2791","56","1","4","5"
"2792","56","1","4","5"
"2793","56","1","4","5"
"2794","56","1","4","5"
"2795","56","1","4","5"
"2796","56","1","4","5"
"2797","56","1","4","5"
"2798","56","1","4","5"
"2799","56","1","4","5"
"2800","47","2","1","5"
"2801","47","2","1","5"
"2802","47","2","1","5"
"2803","47","2","1","5"
"2804","47","2","1","5"
"2805","47","2","1","5"
"2806","47","2","1","5"
"2807","47","2","1","5"
"2808","47","2","1","5"
"2809","47","2","1","5"
"2810","47","2","1","5"
"2811","47","2","1","5"
"2812","47","2","1","5"
"2813","47","2","1","5"
"2814","47","2","1","5"
"2815","47","2","1","5"
"2816","47","2","1","5"
"2817","47","2","1","5"
"2818","47","2","1","5"
"2819","47","2","1","5"
"2820","51","2","2","5"
"2821","51","2","2","5"
"2822","51","2","2","5"
"2823","51","2","2","5"
"2824","51","2","2","5"
"2825","51","2","2","5"
"2826","51","2","2","5"
"2827","51","2","2","5"
"2828","51","2","2","5"
"2829","51","2","2","5"
"2830","51","2","2","5"
"2831","51","2","2","5"
"2832","51","2","2","5"
"2833","51","2","2","5"
"2834","51","2","2","5"
"2835","51","2","2","5"
"2836","51","2","2","5"
"2837","51","2","2","5"
"2838","51","2","2","5"
"2839","51","2","2","5"
"2840","57","2","4","5"
"2841","57","2","4","5"
"2842","57","2","4","5"
"2843","57","2","4","5"
"2844","57","2","4","5"
"2845","57","2","4","5"
"2846","57","2","4","5"
"2847","57","2","4","5"
"2848","57","2","4","5"
"2849","57","2","4","5"
"2850","57","2","4","5"
"2851","57","2","4","5"
"2852","57","2","4","5"
"2853","57","2","4","5"
"2854","57","2","4","5"
"2855","57","2","4","5"
"2856","57","2","4","5"
"2857","57","2","4","5"
"2858","57","2","4","5"
"2859","57","2","4","5"
"2860","55","5","3","5"
"2861","55","5","3","5"
"2862","55","5","3","5"
"2863","55","5","3","5"
"2864","55","5","3","5"
"2865","55","5","3","5"
"2866","55","5","3","5"
"2867","55","5","3","5"
"2868","55","5","3","5"
"2869","55","5","3","5"
"2870","55","5","3","5"
"2871","55","5","3","5"
"2872","55","5","3","5"
"2873","55","5","3","5"
"2874","55","5","3","5"
"2875","55","5","3","5"
"2876","55","5","3","5"
"2877","55","5","3","5"
"2878","55","5","3","5"
"2879","55","5","3","5"
"2880","49","4","1","5"
"2881","49","4","1","5"
"2882","49","4","1","5"
"2883","49","4","1","5"
"2884","49","4","1","5"
"2885","49","4","1","5"
"2886","49","4","1","5"
"2887","49","4","1","5"
"2888","49","4","1","5"
"2889","49","4","1","5"
"2890","49","4","1","5"
"2891","49","4","1","5"
"2892","49","4","1","5"
"2893","49","4","1","5"
"2894","49","4","1","5"
"2895","49","4","1","5"
"2896","49","4","1","5"
"2897","49","4","1","5"
"2898","49","4","1","5"
"2899","49","4","1","5"
"1060","11","2","1","2"
"1061","11","2","1","2"
"2903","53","4","2","5"
"2904","53","4","2","5"
"2905","53","4","2","5"
"2906","53","4","2","5"
"2907","53","4","2","5"
"2908","53","4","2","5"
"2909","53","4","2","5"
"2910","53","4","2","5"
"2911","53","4","2","5"
"2912","53","4","2","5"
"2913","53","4","2","5"
"2914","53","4","2","5"
"2915","53","4","2","5"
"2916","53","4","2","5"
"2917","53","4","2","5"
"2918","53","4","2","5"
"2919","53","4","2","5"
"2920","48","3","1","5"
"2921","48","3","1","5"
"2922","48","3","1","5"
"2923","48","3","1","5"
"2924","48","3","1","5"
"2925","48","3","1","5"
"2926","48","3","1","5"
"2927","48","3","1","5"
"2928","48","3","1","5"
"2929","48","3","1","5"
"2930","48","3","1","5"
"2931","48","3","1","5"
"2932","48","3","1","5"
"2933","48","3","1","5"
"2934","48","3","1","5"
"2935","48","3","1","5"
"2936","48","3","1","5"
"2937","48","3","1","5"
"2938","48","3","1","5"
"2939","48","3","1","5"
"2940","52","3","2","5"
"2941","52","3","2","5"
"2942","52","3","2","5"
"2943","52","3","2","5"
"2944","52","3","2","5"
"2945","52","3","2","5"
"2946","52","3","2","5"
"2947","52","3","2","5"
"2948","52","3","2","5"
"2949","52","3","2","5"
"2950","52","3","2","5"
"2951","52","3","2","5"
"2952","52","3","2","5"
"2953","52","3","2","5"
"2954","52","3","2","5"
"2955","52","3","2","5"
"2956","52","3","2","5"
"2957","52","3","2","5"
"2958","52","3","2","5"
"2959","52","3","2","5"
"2960","58","3","4","5"
"2961","58","3","4","5"
"2962","58","3","4","5"
"2963","58","3","4","5"
"2964","58","3","4","5"
"2965","58","3","4","5"
"2966","58","3","4","5"
"2967","58","3","4","5"
"2968","58","3","4","5"
"2969","58","3","4","5"
"2970","58","3","4","5"
"2971","58","3","4","5"
"2972","58","3","4","5"
"2973","58","3","4","5"
"2974","58","3","4","5"
"2975","58","3","4","5"
"2976","58","3","4","5"
"2977","58","3","4","5"
"2978","58","3","4","5"
"2979","58","3","4","5"
"2980","54","3","3","5"
"2981","54","3","3","5"
"2982","54","3","3","5"
"2983","54","3","3","5"
"2984","54","3","3","5"
"2985","54","3","3","5"
"2986","54","3","3","5"
"2987","54","3","3","5"
"2988","54","3","3","5"
"2989","54","3","3","5"
"2990","54","3","3","5"
"2991","54","3","3","5"
"2992","54","3","3","5"
"2993","54","3","3","5"
"2994","54","3","3","5"
"2995","54","3","3","5"
"2996","54","3","3","5"
"2997","54","3","3","5"
"2998","54","3","3","5"
"2999","54","3","3","5"
"1062","11","2","1","2"
"1063","11","2","1","2"
"1064","11","2","1","2"
"1065","11","2","1","2"
"1066","11","2","1","2"
"1067","11","2","1","2"
"1068","11","2","1","2"
"1069","11","2","1","2"
"1070","11","2","1","2"
"1071","11","2","1","2"
"1072","11","2","1","2"
"1073","11","2","1","2"
"1074","11","2","1","2"
"1075","11","2","1","2"
"1076","11","2","1","2"
"3015","53","4","2","5"
"3016","53","4","2","5"
"3017","53","4","2","5"
"1077","11","2","1","2"
"1078","11","2","1","2"
"1079","11","2","1","2"
"1080","11","2","1","2"
"1081","11","2","1","2"
"1082","11","2","1","2"
"1083","11","2","1","2"
"1084","11","2","1","2"
"1085","11","2","1","2"
"3027","49","4","1","5"
"3028","49","4","1","5"
"3029","49","4","1","5"
"3030","49","4","1","5"
"3031","49","4","1","5"
"3032","49","4","1","5"
"3033","49","4","1","5"
"3034","49","4","1","5"
"3035","49","4","1","5"
"3036","49","4","1","5"
"3037","49","4","1","5"
"3038","49","4","1","5"
"3039","49","4","1","5"
"3040","49","4","1","5"
"3041","49","4","1","5"
"3042","49","4","1","5"
"3043","49","4","1","5"
"3044","49","4","1","5"
"3045","49","4","1","5"
"3046","49","4","1","5"
"3050","53","4","2","5"
"3051","53","4","2","5"
"3052","53","4","2","5"
"3053","53","4","2","5"
"3054","53","4","2","5"
"3055","53","4","2","5"
"3056","53","4","2","5"
"3057","53","4","2","5"
"3058","53","4","2","5"
"3059","53","4","2","5"
"3060","53","4","2","5"
"3061","53","4","2","5"
"3062","53","4","2","5"
"3063","53","4","2","5"
"3064","53","4","2","5"
"3065","53","4","2","5"
"3066","53","4","2","5"
"3067","53","4","2","5"
"3068","53","4","2","5"
"3069","53","4","2","5"
"2900","34","4","1","1"
"3098","61","7","2","2"
"2448","1","1","1","1"
"2449","4","1","2","1"
"2450","7","1","4","1"
"2451","1","1","1","1"
"2452","4","1","2","1"
"2453","7","1","4","1"
"2454","1","1","1","1"
"2455","4","1","2","1"
"2456","7","1","4","1"
"2457","1","1","1","1"
"2458","4","1","2","1"
"2459","7","1","4","1"
"2460","1","1","1","1"
"2461","4","1","2","1"
"2462","7","1","4","1"
"2463","1","1","1","1"
"2464","4","1","2","1"
"2465","7","1","4","1"
"2466","1","1","1","1"
"2467","4","1","2","1"
"2468","7","1","4","1"
"2469","1","1","1","1"
"2470","4","1","2","1"
"2471","7","1","4","1"
"2472","1","1","1","1"
"2473","4","1","2","1"
"2474","7","1","4","1"
"2475","1","1","1","1"
"2476","4","1","2","1"
"2477","7","1","4","1"
"2478","1","1","1","1"
"2479","1","1","1","1"
"2480","1","1","1","1"
"2481","4","1","2","1"
"2482","4","1","2","1"
"2483","4","1","2","1"
"2484","7","1","4","1"
"2485","7","1","4","1"
"2486","7","1","4","1"
"2487","1","1","1","1"
"2488","1","1","1","1"
"2489","1","1","1","1"
"2490","1","1","1","1"
"2491","4","1","2","1"
"2492","4","1","2","1"
"2493","4","1","2","1"
"2494","4","1","2","1"
"2495","7","1","4","1"
"2496","7","1","4","1"
"2497","7","1","4","1"
"2498","7","1","4","1"
"2501","18","2","4","3"
"2586","17","2","4","2"
"2587","17","2","4","2"
"2588","17","2","4","2"
"2589","17","2","4","2"
"2590","17","2","4","2"
"2591","17","2","4","2"
"2592","17","2","4","2"
"2593","17","2","4","2"
"2594","17","2","4","2"
"2595","17","2","4","2"
"2596","17","2","4","2"
"2597","17","2","4","2"
"2598","17","2","4","2"
"2599","17","2","4","2"
"2600","17","2","4","2"
"2601","17","2","4","2"
"2602","17","2","4","2"
"2603","17","2","4","2"
"2604","17","2","4","2"
"2605","17","2","4","2"
"2606","17","2","4","2"
"2607","17","2","4","2"
"2608","17","2","4","2"
"2609","17","2","4","2"
"2610","17","2","4","2"
"2611","17","2","4","2"
"2612","17","2","4","2"
"2613","17","2","4","2"
"2614","17","2","4","2"
"2615","17","2","4","2"
"2616","17","2","4","2"
"2617","17","2","4","2"
"2618","17","2","4","2"
"2619","17","2","4","2"
"2620","17","2","4","2"
"2621","17","2","4","2"
"2622","17","2","4","2"
"2623","17","2","4","2"
"2624","17","2","4","2"
"2625","17","2","4","2"
"2626","17","2","4","2"
"2627","17","2","4","2"
"1086","11","2","1","2"
"1087","11","2","1","2"
"1088","11","2","1","2"
"1089","11","2","1","2"
"1090","11","2","1","2"
"1091","11","2","1","2"
"1092","11","2","1","2"
"1093","11","2","1","2"
"1094","11","2","1","2"
"1095","11","2","1","2"
"1096","11","2","1","2"
"1097","11","2","1","2"
"1098","11","2","1","2"
"1099","11","2","1","2"
"1100","11","2","1","2"
"1101","11","2","1","2"
"1102","11","2","1","2"
"1103","11","2","1","2"
"1104","11","2","1","2"
"1105","11","2","1","2"
"1106","11","2","1","2"
"1107","11","2","1","2"
"1108","11","2","1","2"
"1109","11","2","1","2"
"1110","11","2","1","2"
"1111","11","2","1","2"
"1112","11","2","1","2"
"1113","11","2","1","2"
"1114","11","2","1","2"
"1115","11","2","1","2"
"1116","11","2","1","2"
"1117","11","2","1","2"
"1118","11","2","1","2"
"1119","11","2","1","2"
"1120","11","2","1","2"
"1405","14","2","2","2"
"1406","14","2","2","2"
"1407","14","2","2","2"
"1408","14","2","2","2"
"1409","14","2","2","2"
"1410","14","2","2","2"
"1411","14","2","2","2"
"1412","14","2","2","2"
"1413","14","2","2","2"
"1414","14","2","2","2"
"1415","14","2","2","2"
"1416","14","2","2","2"
"1417","14","2","2","2"
"1418","14","2","2","2"
"1419","14","2","2","2"
"1420","14","2","2","2"
"1421","14","2","2","2"
"1422","14","2","2","2"
"1423","14","2","2","2"
"1424","14","2","2","2"
"1425","14","2","2","2"
"1426","14","2","2","2"
"1427","14","2","2","2"
"1428","14","2","2","2"
"1429","14","2","2","2"
"1430","14","2","2","2"
"1431","14","2","2","2"
"1432","14","2","2","2"
"1433","14","2","2","2"
"1434","14","2","2","2"
"1435","14","2","2","2"
"1436","14","2","2","2"
"1437","14","2","2","2"
"1438","14","2","2","2"
"1439","14","2","2","2"
"1440","14","2","2","2"
"1441","14","2","2","2"
"1442","14","2","2","2"
"1443","14","2","2","2"
"1444","14","2","2","2"
"1445","14","2","2","2"
"1446","14","2","2","2"
"1447","14","2","2","2"
"1448","14","2","2","2"
"1449","14","2","2","2"
"1450","14","2","2","2"
"1451","14","2","2","2"
"1452","14","2","2","2"
"1453","14","2","2","2"
"1454","14","2","2","2"
"1455","14","2","2","2"
"1456","14","2","2","2"
"1457","14","2","2","2"
"1458","14","2","2","2"
"1459","14","2","2","2"
"1460","14","2","2","2"
"1461","14","2","2","2"
"1462","14","2","2","2"
"1463","14","2","2","2"
"1464","14","2","2","2"
"1465","14","2","2","2"
"1466","14","2","2","2"
"1467","14","2","2","2"
"1468","14","2","2","2"
"1469","14","2","2","2"
"1470","14","2","2","2"
"1471","14","2","2","2"
"1472","14","2","2","2"
"1473","14","2","2","2"
"1474","14","2","2","2"
"1475","14","2","2","2"
"1476","14","2","2","2"
"1477","14","2","2","2"
"1478","14","2","2","2"
"1479","14","2","2","2"
"1480","14","2","2","2"
"1481","14","2","2","2"
"1482","14","2","2","2"
"1483","14","2","2","2"
"1484","14","2","2","2"
"1485","14","2","2","2"
"1486","14","2","2","2"
"1487","14","2","2","2"
"1488","14","2","2","2"
"1489","14","2","2","2"
"1490","14","2","2","2"
"1491","14","2","2","2"
"1492","14","2","2","2"
"1493","14","2","2","2"
"1494","14","2","2","2"
"1495","14","2","2","2"
"1496","14","2","2","2"
"1497","14","2","2","2"
"1498","14","2","2","2"
"1499","14","2","2","2"
"1500","14","2","2","2"
"1501","14","2","2","2"
"1502","14","2","2","2"
"1503","14","2","2","2"
"1504","14","2","2","2"
"1505","14","2","2","2"
"1506","14","2","2","2"
"1507","14","2","2","2"
"1508","14","2","2","2"
"1509","14","2","2","2"
"1510","14","2","2","2"
"1511","14","2","2","2"
"1512","14","2","2","2"
"1513","14","2","2","2"
"1514","14","2","2","2"
"1515","14","2","2","2"
"1516","14","2","2","2"
"1517","14","2","2","2"
"1518","14","2","2","2"
"1519","14","2","2","2"
"1520","14","2","2","2"
"1521","14","2","2","2"
"1522","14","2","2","2"
"1523","14","2","2","2"
"1524","14","2","2","2"
"1525","14","2","2","2"
"1526","14","2","2","2"
"1527","14","2","2","2"
"1528","14","2","2","2"
"1529","14","2","2","2"
"1530","14","2","2","2"
"1531","14","2","2","2"
"1532","14","2","2","2"
"1533","14","2","2","2"
"1534","14","2","2","2"
"1535","14","2","2","2"
"1536","14","2","2","2"
"1537","14","2","2","2"
"1538","14","2","2","2"
"1539","14","2","2","2"
"1540","14","2","2","2"
"1541","14","2","2","2"
"1542","14","2","2","2"
"1543","14","2","2","2"
"1544","14","2","2","2"
"1545","14","2","2","2"
"1546","14","2","2","2"
"1547","14","2","2","2"
"1548","14","2","2","2"
"1549","14","2","2","2"
"1550","14","2","2","2"
"1551","14","2","2","2"
"1552","14","2","2","2"
"1553","14","2","2","2"
"1554","14","2","2","2"
"1555","14","2","2","2"
"1556","14","2","2","2"
"1557","14","2","2","2"
"1558","14","2","2","2"
"1559","14","2","2","2"
"1560","14","2","2","2"
"1561","14","2","2","2"
"1562","14","2","2","2"
"1563","14","2","2","2"
"1564","14","2","2","2"
"1565","14","2","2","2"
"1566","14","2","2","2"
"1567","14","2","2","2"
"1568","15","2","2","3"
"1569","15","2","2","3"
"1570","15","2","2","3"
"1571","15","2","2","3"
"1572","15","2","2","3"
"1573","15","2","2","3"
"2374","11","2","1","2"
"2375","14","2","2","2"
"2404","11","2","1","2"
"2405","14","2","2","2"
"2423","11","2","1","2"
"2424","14","2","2","2"
"2499","12","2","1","3"
"2500","15","2","2","3"
"2502","11","2","1","2"
"2503","11","2","1","2"
"2504","11","2","1","2"
"2505","11","2","1","2"
"2506","11","2","1","2"
"2507","11","2","1","2"
"2508","11","2","1","2"
"2509","11","2","1","2"
"2510","11","2","1","2"
"2511","11","2","1","2"
"2512","11","2","1","2"
"2513","11","2","1","2"
"2514","11","2","1","2"
"2515","11","2","1","2"
"2516","11","2","1","2"
"2517","11","2","1","2"
"2518","11","2","1","2"
"2519","11","2","1","2"
"2520","11","2","1","2"
"2521","11","2","1","2"
"2522","11","2","1","2"
"2523","11","2","1","2"
"2524","11","2","1","2"
"2525","11","2","1","2"
"2526","11","2","1","2"
"2527","11","2","1","2"
"2528","11","2","1","2"
"2529","11","2","1","2"
"2530","11","2","1","2"
"2531","11","2","1","2"
"2532","11","2","1","2"
"2533","11","2","1","2"
"2534","11","2","1","2"
"2535","11","2","1","2"
"2536","11","2","1","2"
"2537","11","2","1","2"
"2538","11","2","1","2"
"2539","11","2","1","2"
"2540","11","2","1","2"
"2541","11","2","1","2"
"2542","11","2","1","2"
"2543","11","2","1","2"
"2544","14","2","2","2"
"2545","14","2","2","2"
"2546","14","2","2","2"
"2547","14","2","2","2"
"2548","14","2","2","2"
"2549","14","2","2","2"
"2550","14","2","2","2"
"2551","14","2","2","2"
"2552","14","2","2","2"
"2553","14","2","2","2"
"2554","14","2","2","2"
"2555","14","2","2","2"
"2556","14","2","2","2"
"2557","14","2","2","2"
"2558","14","2","2","2"
"2559","14","2","2","2"
"2560","14","2","2","2"
"2561","14","2","2","2"
"2562","14","2","2","2"
"2563","14","2","2","2"
"2564","14","2","2","2"
"2565","14","2","2","2"
"2566","14","2","2","2"
"2567","14","2","2","2"
"2568","14","2","2","2"
"2569","14","2","2","2"
"2570","14","2","2","2"
"2571","14","2","2","2"
"2572","14","2","2","2"
"2573","14","2","2","2"
"2574","14","2","2","2"
"2575","14","2","2","2"
"2576","14","2","2","2"
"2577","14","2","2","2"
"2578","14","2","2","2"
"2579","14","2","2","2"
"2580","14","2","2","2"
"2581","14","2","2","2"
"2582","14","2","2","2"
"2583","14","2","2","2"
"2584","14","2","2","2"
"2585","14","2","2","2"
"2160","29","3","2","3"
"2161","25","3","1","3"
"2172","23","3","1","2"
"2173","23","3","1","2"
"2174","23","3","1","2"
"2175","23","3","1","2"
"2176","23","3","1","2"
"2177","23","3","1","2"
"2178","23","3","1","2"
"2179","23","3","1","2"
"2180","23","3","1","2"
"2181","27","3","2","2"
"2182","27","3","2","2"
"2183","27","3","2","2"
"2184","27","3","2","2"
"2185","27","3","2","2"
"2186","27","3","2","2"
"2187","27","3","2","2"
"2188","27","3","2","2"
"2189","27","3","2","2"
"2096","20","5","3","2"
"2097","20","5","3","2"
"2098","20","5","3","2"
"2099","20","5","3","2"
"2100","20","5","3","2"
"2101","20","5","3","2"
"2102","20","5","3","2"
"2103","20","5","3","2"
"2104","20","5","3","2"
"2105","20","5","3","2"
"2106","20","5","3","2"
"2107","20","5","3","2"
"2108","20","5","3","2"
"2109","20","5","3","2"
"2110","20","5","3","2"
"2111","20","5","3","2"
"2112","20","5","3","2"
"2115","20","5","3","2"
"2116","20","5","3","2"
"2117","20","5","3","2"
"2118","20","5","3","2"
"2119","20","5","3","2"
"2120","20","5","3","2"
"2121","20","5","3","2"
"2122","20","5","3","2"
"2123","20","5","3","2"
"2124","20","5","3","2"
"2125","20","5","3","2"
"2126","20","5","3","2"
"2127","20","5","3","2"
"2128","20","5","3","2"
"2129","20","5","3","2"
"2130","20","5","3","2"
"2131","20","5","3","2"
"2132","20","5","3","2"
"2133","20","5","3","2"
"2134","20","5","3","2"
"2135","20","5","3","2"
"2136","20","5","3","2"
"2137","20","5","3","2"
"2138","20","5","3","2"
"2139","20","5","3","2"
"2140","20","5","3","2"
"2141","20","5","3","2"
"2142","20","5","3","2"
"2143","20","5","3","2"
"2144","20","5","3","2"
"2145","20","5","3","2"
"2146","20","5","3","2"
"2147","20","5","3","2"
"2148","20","5","3","2"
"2149","20","5","3","2"
"2150","20","5","3","2"
"2151","20","5","3","2"
"2152","21","5","3","3"
"2153","21","5","3","3"
"2154","21","5","3","3"
"2155","21","5","3","3"
"2156","21","5","3","3"
"2157","21","5","3","3"
"2158","21","5","3","3"
"2159","21","5","3","3"
"2379","20","5","3","2"
"2407","20","5","3","2"
"2426","20","5","3","2"
"2434","45","6","5","3"
"2436","45","6","5","3"
"2437","45","6","5","3"
"2438","45","6","5","3"
"2427","44","6","5","2"
"2447","43","6","5","1"
"2429","44","6","5","2"
"2445","43","6","5","1"
"2430","44","6","5","2"
"2444","43","6","5","1"
"2431","44","6","5","2"
"2443","43","6","5","1"
"2432","44","6","5","2"
"2439","45","6","5","3"
"2442","43","6","5","1"
"2433","44","6","5","2"
"2440","45","6","5","3"
"2441","43","6","5","1"
"3073","59","7","1","2"
"3074","59","7","1","2"
"3075","59","7","1","2"
"3076","59","7","1","2"
"3077","59","7","1","2"
"3078","59","7","1","2"
"3025","21","5","3","3"
"3026","20","5","3","2"
"3079","59","7","1","2"
"3081","59","7","1","2"
"3082","60","7","1","3"
"3083","60","7","1","3"
"3084","60","7","1","3"
"3085","60","7","1","3"
"3086","60","7","1","3"
"3087","60","7","1","3"
"3088","60","7","1","3"
"3090","60","7","1","3"
"3091","61","7","2","2"
"3092","61","7","2","2"
"3080","59","7","1","2"
"1718","16","2","4","1"
"1719","16","2","4","1"
"1720","16","2","4","1"
"1721","16","2","4","1"
"1722","16","2","4","1"
"1723","16","2","4","1"
"1724","16","2","4","1"
"1725","16","2","4","1"
"1726","16","2","4","1"
"1727","16","2","4","1"
"1728","16","2","4","1"
"1729","16","2","4","1"
"1730","16","2","4","1"
"1731","16","2","4","1"
"1732","16","2","4","1"
"1733","16","2","4","1"
"3107","62","7","2","3"
"3116","63","7","4","2"
"3125","64","7","4","3"
"3089","60","7","1","3"
"664","10","2","1","1"
"804","10","2","1","1"
"805","10","2","1","1"
"806","10","2","1","1"
"807","10","2","1","1"
"808","10","2","1","1"
"809","10","2","1","1"
"810","10","2","1","1"
"811","10","2","1","1"
"812","10","2","1","1"
"813","10","2","1","1"
"814","10","2","1","1"
"815","10","2","1","1"
"816","10","2","1","1"
"817","10","2","1","1"
"818","10","2","1","1"
"820","10","2","1","1"
"821","10","2","1","1"
"822","10","2","1","1"
"823","10","2","1","1"
"824","10","2","1","1"
"825","10","2","1","1"
"826","10","2","1","1"
"827","10","2","1","1"
"828","10","2","1","1"
"829","10","2","1","1"
"830","10","2","1","1"
"831","10","2","1","1"
"832","10","2","1","1"
"833","10","2","1","1"
"834","10","2","1","1"
"835","10","2","1","1"
"836","10","2","1","1"
"837","10","2","1","1"
"838","10","2","1","1"
"839","10","2","1","1"
"840","10","2","1","1"
"841","10","2","1","1"
"842","10","2","1","1"
"843","10","2","1","1"
"844","10","2","1","1"
"845","10","2","1","1"
"846","10","2","1","1"
"847","10","2","1","1"
"848","10","2","1","1"
"849","10","2","1","1"
"850","10","2","1","1"
"851","10","2","1","1"
"852","10","2","1","1"
"853","10","2","1","1"
"854","10","2","1","1"
"855","10","2","1","1"
"856","10","2","1","1"
"857","10","2","1","1"
"858","10","2","1","1"
"859","10","2","1","1"
"860","10","2","1","1"
"861","10","2","1","1"
"862","10","2","1","1"
"863","10","2","1","1"
"864","10","2","1","1"
"865","10","2","1","1"
"866","10","2","1","1"
"867","10","2","1","1"
"868","10","2","1","1"
"869","10","2","1","1"
"870","10","2","1","1"
"871","10","2","1","1"
"872","10","2","1","1"
"873","10","2","1","1"
"874","10","2","1","1"
"875","10","2","1","1"
"876","10","2","1","1"
"877","10","2","1","1"
"878","10","2","1","1"
"879","10","2","1","1"
"880","10","2","1","1"
"881","10","2","1","1"
"882","10","2","1","1"
"883","10","2","1","1"
"884","10","2","1","1"
"885","10","2","1","1"
"886","10","2","1","1"
"887","10","2","1","1"
"888","10","2","1","1"
"889","10","2","1","1"
"890","10","2","1","1"
"891","10","2","1","1"
"892","10","2","1","1"
"893","10","2","1","1"
"894","10","2","1","1"
"895","10","2","1","1"
"897","10","2","1","1"
"898","10","2","1","1"
"899","10","2","1","1"
"900","10","2","1","1"
"901","10","2","1","1"
"902","10","2","1","1"
"903","10","2","1","1"
"904","10","2","1","1"
"905","10","2","1","1"
"906","10","2","1","1"
"907","10","2","1","1"
"908","10","2","1","1"
"909","10","2","1","1"
"910","10","2","1","1"
"911","10","2","1","1"
"912","10","2","1","1"
"913","10","2","1","1"
"914","10","2","1","1"
"915","10","2","1","1"
"916","10","2","1","1"
"917","10","2","1","1"
"918","10","2","1","1"
"919","10","2","1","1"
"920","10","2","1","1"
"921","10","2","1","1"
"922","10","2","1","1"
"923","10","2","1","1"
"924","10","2","1","1"
"925","10","2","1","1"
"926","10","2","1","1"
"927","10","2","1","1"
"928","10","2","1","1"
"929","10","2","1","1"
"930","10","2","1","1"
"931","10","2","1","1"
"932","10","2","1","1"
"933","10","2","1","1"
"934","10","2","1","1"
"935","10","2","1","1"
"936","10","2","1","1"
"937","10","2","1","1"
"938","10","2","1","1"
"939","10","2","1","1"
"940","10","2","1","1"
"941","10","2","1","1"
"942","10","2","1","1"
"943","10","2","1","1"
"944","10","2","1","1"
"945","10","2","1","1"
"946","10","2","1","1"
"947","10","2","1","1"
"948","10","2","1","1"
"949","10","2","1","1"
"950","10","2","1","1"
"951","10","2","1","1"
"952","10","2","1","1"
"953","10","2","1","1"
"954","10","2","1","1"
"955","10","2","1","1"
"956","10","2","1","1"
"957","10","2","1","1"
"958","10","2","1","1"
"959","10","2","1","1"
"960","10","2","1","1"
"961","10","2","1","1"
"962","10","2","1","1"
"963","10","2","1","1"
"964","10","2","1","1"
"965","10","2","1","1"
"966","10","2","1","1"
"967","10","2","1","1"
"968","10","2","1","1"
"969","10","2","1","1"
"970","10","2","1","1"
"971","10","2","1","1"
"972","10","2","1","1"
"973","10","2","1","1"
"974","10","2","1","1"
"975","10","2","1","1"
"976","10","2","1","1"
"977","10","2","1","1"
"978","10","2","1","1"
"979","10","2","1","1"
"980","10","2","1","1"
"981","10","2","1","1"
"982","10","2","1","1"
"983","10","2","1","1"
"984","10","2","1","1"
"3298","10","2","1","1"
"3299","10","2","1","1"
"3300","10","2","1","1"
"3301","10","2","1","1"
"3306","13","2","2","1"
"3307","13","2","2","1"
"3308","13","2","2","1"
"3309","13","2","2","1"
"3314","16","2","4","1"
"3315","16","2","4","1"
"3316","16","2","4","1"
"3317","16","2","4","1"
"1189","13","2","2","1"
"1190","13","2","2","1"
"1191","13","2","2","1"
"1192","13","2","2","1"
"1193","13","2","2","1"
"1194","13","2","2","1"
"1195","13","2","2","1"
"1196","13","2","2","1"
"1197","13","2","2","1"
"1198","13","2","2","1"
"1199","13","2","2","1"
"1200","13","2","2","1"
"1201","13","2","2","1"
"1202","13","2","2","1"
"1203","13","2","2","1"
"1204","13","2","2","1"
"1205","13","2","2","1"
"1206","13","2","2","1"
"1207","13","2","2","1"
"1208","13","2","2","1"
"1209","13","2","2","1"
"1210","13","2","2","1"
"1211","13","2","2","1"
"1212","13","2","2","1"
"1213","13","2","2","1"
"1214","13","2","2","1"
"1215","13","2","2","1"
"1216","13","2","2","1"
"1217","13","2","2","1"
"1218","13","2","2","1"
"1220","13","2","2","1"
"1221","13","2","2","1"
"1222","13","2","2","1"
"1223","13","2","2","1"
"1224","13","2","2","1"
"1225","13","2","2","1"
"1226","13","2","2","1"
"1227","13","2","2","1"
"1228","13","2","2","1"
"1229","13","2","2","1"
"1230","13","2","2","1"
"1231","13","2","2","1"
"1232","13","2","2","1"
"1233","13","2","2","1"
"1234","13","2","2","1"
"1235","13","2","2","1"
"1236","13","2","2","1"
"1237","13","2","2","1"
"1238","13","2","2","1"
"1239","13","2","2","1"
"1240","13","2","2","1"
"1241","13","2","2","1"
"1242","13","2","2","1"
"1243","13","2","2","1"
"1244","13","2","2","1"
"1245","13","2","2","1"
"1246","13","2","2","1"
"1247","13","2","2","1"
"1248","13","2","2","1"
"1249","13","2","2","1"
"1250","13","2","2","1"
"1251","13","2","2","1"
"1252","13","2","2","1"
"1253","13","2","2","1"
"1254","13","2","2","1"
"1255","13","2","2","1"
"1256","13","2","2","1"
"1257","13","2","2","1"
"1258","13","2","2","1"
"1259","13","2","2","1"
"1260","13","2","2","1"
"1261","13","2","2","1"
"1262","13","2","2","1"
"1263","13","2","2","1"
"1264","13","2","2","1"
"1265","13","2","2","1"
"1266","13","2","2","1"
"1267","13","2","2","1"
"1268","13","2","2","1"
"1269","13","2","2","1"
"1270","13","2","2","1"
"1272","13","2","2","1"
"1273","13","2","2","1"
"1274","13","2","2","1"
"1275","13","2","2","1"
"1276","13","2","2","1"
"1277","13","2","2","1"
"1278","13","2","2","1"
"1279","13","2","2","1"
"1280","13","2","2","1"
"1281","13","2","2","1"
"1282","13","2","2","1"
"1283","13","2","2","1"
"1284","13","2","2","1"
"1285","13","2","2","1"
"1286","13","2","2","1"
"1287","13","2","2","1"
"1288","13","2","2","1"
"1289","13","2","2","1"
"1290","13","2","2","1"
"1291","13","2","2","1"
"1292","13","2","2","1"
"1293","13","2","2","1"
"1294","13","2","2","1"
"1295","13","2","2","1"
"1296","13","2","2","1"
"1297","13","2","2","1"
"1298","13","2","2","1"
"1299","13","2","2","1"
"1300","13","2","2","1"
"1301","13","2","2","1"
"1302","13","2","2","1"
"1303","13","2","2","1"
"1304","13","2","2","1"
"1305","13","2","2","1"
"1306","13","2","2","1"
"1307","13","2","2","1"
"1308","13","2","2","1"
"1309","13","2","2","1"
"1310","13","2","2","1"
"1311","13","2","2","1"
"1312","13","2","2","1"
"1313","13","2","2","1"
"1314","13","2","2","1"
"1315","13","2","2","1"
"1316","13","2","2","1"
"1317","13","2","2","1"
"1318","13","2","2","1"
"1319","13","2","2","1"
"1320","13","2","2","1"
"1321","13","2","2","1"
"1322","13","2","2","1"
"1323","13","2","2","1"
"1324","13","2","2","1"
"1325","13","2","2","1"
"1326","13","2","2","1"
"1327","13","2","2","1"
"1328","13","2","2","1"
"1329","13","2","2","1"
"1330","13","2","2","1"
"1331","13","2","2","1"
"1332","13","2","2","1"
"1333","13","2","2","1"
"1334","13","2","2","1"
"1335","13","2","2","1"
"1336","13","2","2","1"
"1337","13","2","2","1"
"1338","13","2","2","1"
"1339","13","2","2","1"
"1340","13","2","2","1"
"1341","13","2","2","1"
"1342","13","2","2","1"
"1343","13","2","2","1"
"1344","13","2","2","1"
"1345","13","2","2","1"
"1346","13","2","2","1"
"1347","13","2","2","1"
"1348","13","2","2","1"
"1349","13","2","2","1"
"1350","13","2","2","1"
"1351","13","2","2","1"
"1352","13","2","2","1"
"1353","13","2","2","1"
"1354","13","2","2","1"
"1355","13","2","2","1"
"1356","13","2","2","1"
"1357","13","2","2","1"
"1358","13","2","2","1"
"1359","13","2","2","1"
"1360","13","2","2","1"
"1361","13","2","2","1"
"1362","13","2","2","1"
"1363","13","2","2","1"
"1364","13","2","2","1"
"1365","13","2","2","1"
"1366","13","2","2","1"
"1367","13","2","2","1"
"1368","13","2","2","1"
"1369","13","2","2","1"
"1370","13","2","2","1"
"1574","16","2","4","1"
"1575","16","2","4","1"
"1576","16","2","4","1"
"1577","16","2","4","1"
"1579","16","2","4","1"
"1580","16","2","4","1"
"1581","16","2","4","1"
"1582","16","2","4","1"
"1583","16","2","4","1"
"1584","16","2","4","1"
"1585","16","2","4","1"
"1586","16","2","4","1"
"1587","16","2","4","1"
"1588","16","2","4","1"
"1589","16","2","4","1"
"1590","16","2","4","1"
"1591","16","2","4","1"
"1592","16","2","4","1"
"1593","16","2","4","1"
"1594","16","2","4","1"
"1595","16","2","4","1"
"1596","16","2","4","1"
"1597","16","2","4","1"
"1598","16","2","4","1"
"1599","16","2","4","1"
"1600","16","2","4","1"
"1601","16","2","4","1"
"1602","16","2","4","1"
"1603","16","2","4","1"
"1604","16","2","4","1"
"1605","16","2","4","1"
"1606","16","2","4","1"
"1607","16","2","4","1"
"1608","16","2","4","1"
"1609","16","2","4","1"
"1610","16","2","4","1"
"1611","16","2","4","1"
"1612","16","2","4","1"
"1613","16","2","4","1"
"1614","16","2","4","1"
"1615","16","2","4","1"
"1616","16","2","4","1"
"1617","16","2","4","1"
"1618","16","2","4","1"
"1619","16","2","4","1"
"1620","16","2","4","1"
"1621","16","2","4","1"
"1622","16","2","4","1"
"1623","16","2","4","1"
"1624","16","2","4","1"
"1625","16","2","4","1"
"1626","16","2","4","1"
"1627","16","2","4","1"
"1628","16","2","4","1"
"1629","16","2","4","1"
"1630","16","2","4","1"
"1631","16","2","4","1"
"1632","16","2","4","1"
"1633","16","2","4","1"
"1634","16","2","4","1"
"1635","16","2","4","1"
"1636","16","2","4","1"
"1637","16","2","4","1"
"1638","16","2","4","1"
"1639","16","2","4","1"
"1640","16","2","4","1"
"1641","16","2","4","1"
"1642","16","2","4","1"
"1643","16","2","4","1"
"1644","16","2","4","1"
"1645","16","2","4","1"
"1646","16","2","4","1"
"1647","16","2","4","1"
"1648","16","2","4","1"
"1649","16","2","4","1"
"1650","16","2","4","1"
"1651","16","2","4","1"
"1652","16","2","4","1"
"1653","16","2","4","1"
"1654","16","2","4","1"
"1655","16","2","4","1"
"1656","16","2","4","1"
"1657","16","2","4","1"
"1658","16","2","4","1"
"1659","16","2","4","1"
"1660","16","2","4","1"
"1661","16","2","4","1"
"1662","16","2","4","1"
"1663","16","2","4","1"
"1664","16","2","4","1"
"1665","16","2","4","1"
"1666","16","2","4","1"
"1667","16","2","4","1"
"1668","16","2","4","1"
"1669","16","2","4","1"
"1670","16","2","4","1"
"1671","16","2","4","1"
"1672","16","2","4","1"
"1673","16","2","4","1"
"1674","16","2","4","1"
"1675","16","2","4","1"
"1676","16","2","4","1"
"1677","16","2","4","1"
"1678","16","2","4","1"
"1679","16","2","4","1"
"1680","16","2","4","1"
"1681","16","2","4","1"
"1682","16","2","4","1"
"1683","16","2","4","1"
"1684","16","2","4","1"
"1685","16","2","4","1"
"1686","16","2","4","1"
"1687","16","2","4","1"
"1688","16","2","4","1"
"1689","16","2","4","1"
"1690","16","2","4","1"
"1691","16","2","4","1"
"1692","16","2","4","1"
"1693","16","2","4","1"
"1694","16","2","4","1"
"1695","16","2","4","1"
"1696","16","2","4","1"
"1697","16","2","4","1"
"1698","16","2","4","1"
"1699","16","2","4","1"
"1700","16","2","4","1"
"1701","16","2","4","1"
"1702","16","2","4","1"
"1703","16","2","4","1"
"1704","16","2","4","1"
"1705","16","2","4","1"
"1706","16","2","4","1"
"1707","16","2","4","1"
"1708","16","2","4","1"
"1709","16","2","4","1"
"1710","16","2","4","1"
"1711","16","2","4","1"
"1712","16","2","4","1"
"1713","16","2","4","1"
"1714","16","2","4","1"
"1715","16","2","4","1"
"1716","16","2","4","1"
"1717","16","2","4","1"
"1734","16","2","4","1"
"1735","16","2","4","1"
"1736","16","2","4","1"
"1737","16","2","4","1"
"1738","16","2","4","1"
"1739","16","2","4","1"
"1740","16","2","4","1"
"1741","16","2","4","1"
"1742","16","2","4","1"
"1743","16","2","4","1"
"1744","16","2","4","1"
"1745","16","2","4","1"
"1746","16","2","4","1"
"1747","16","2","4","1"
"1748","16","2","4","1"
"1749","16","2","4","1"
"1750","16","2","4","1"
"1751","16","2","4","1"
"1752","16","2","4","1"
"1753","16","2","4","1"
"1754","16","2","4","1"
"1755","16","2","4","1"
"3000","10","2","1","1"
"3001","13","2","2","1"
"3002","16","2","4","1"
