"id","channel_id","lob_id","case_sub_type_id","level","sla_age","subject","email_from","to_designation","cc_designation","created_at","created_by","modified_at","modified_by","to_email","cc_email","device_type_id","level_order","template_id","is_active"
"23","1","1","2","Second Level","3","Second Level escalation for Repeat Arena Sales Complaint ref. no {{caseNumber}}","msilcomplaints.noreply@maruti.co.in","SALES@CCO","SALES@RM,SALES@CBH,SALES@CRMC,SALES@SNP-CO,SALES@GM,SALES@QCM,SALES@SM,SALES@CEO,SALES@DVH-MKT3,SALES@TSM,SALES@SNP-DVH,SALES@CRM-HEAD,SALES@DDVM-SNP,SALES@DVM-SNP","2023-06-26 14:16:38.763506","admin","2025-06-24 03:33:57.987903","CONCENTRIX_SatishChowdary.Goli@maruti.co.in","","crm@maruti.co.in,gaurav.singal@maruti.co.in,sandeep.behera@maruti.co.in",NULL,"2","466",True
"119","1","1","2","Second Level","3","Second Level escalation for Repeat Arena Sales Complaint ref. no {{caseNumber}}","msilcomplaints.noreply@maruti.co.in","SALES@CCO","SALES@RM,SALES@CBH,SALES@CRMC,SALES@SNP-CO,SALES@GM,SALES@QCM,SALES@SM,SALES@CEO,SALES@DVH-MKT3,SALES@TSM,SALES@SNP-DVH,SALES@CRM-HEAD,SALES@DDVM-SNP,SALES@DVM-SNP","2023-11-29 07:44:15.567792","admin","2025-06-24 03:34:23.565737","CONCENTRIX_SatishChowdary.Goli@maruti.co.in","","crm@maruti.co.in,sandeep.behera@maruti.co.in,gaurav.singal@maruti.co.in","1","2","466",True
"26","1","1","2","Fifth Level","10","Fifth Level escalation for Repeat Arena Sales Complaint ref. no {{caseNumber}}","msilcomplaints.noreply@maruti.co.in","SALES@SH","SALES@RM,SALES@CBH,SALES@CRMC,SALES@SNP-CO,SALES@GM,SALES@QCM,SALES@SM,SALES@CEO,SALES@DVH-MKT3,SALES@TSM,SALES@SNP-DVH,SALES@CRM-HEAD,SALES@DDVM-SNP,SALES@DVM-SNP,SALES@CCO","2023-06-26 14:16:38.763506","admin","2025-06-24 03:42:01.090619","CONCENTRIX_SatishChowdary.Goli@maruti.co.in","","crm@maruti.co.in,gaurav.singal@maruti.co.in,sandeep.behera@maruti.co.in",NULL,"5","461",True
"134","2","1","2","Fifth Level","10","Fifth Level escalation for Repeat Nexa Sales Complaint ref. no {{caseNumber}}","msilcomplaints.noreply@maruti.co.in","SALES@SH","SALES@RM,SALES@CBH,SALES@CRMC,SALES@SNP-CO,SALES@GM,SALES@QCM,SALES@SM,SALES@CEO,SALES@DVH-MKT3,SALES@TSM,SALES@SNP-DVH,SALES@CRM-HEAD,SALES@DDVM-SNP,SALES@DVM-SNP,SALES@CCO","2023-12-21 13:24:08.752788","admin","2025-06-18 15:45:13.429537","CONCENTRIX_SatishChowdary.Goli@maruti.co.in","","crm@maruti.co.in","1","5","482",True
"169","2","1","1","Fifth Level","10","Fifth Level escalation for New Nexa Sales Complaint ref. no {{caseNumber}}","msilcomplaints.noreply@maruti.co.in","SALES@SH","SALES@RM,SALES@CBH,SALES@CRMC,SALES@SNP-CO,SALES@GM,SALES@QCM,SALES@SM,SALES@CEO,SALES@DVH-MKT3,SALES@TSM,SALES@SNP-DVH,SALES@CRM-HEAD,SALES@DDVM-SNP,SALES@DVM-SNP,SALES@CCO","2023-12-21 13:24:08.752788","admin","2025-06-18 15:47:47.563289","CONCENTRIX_SatishChowdary.Goli@maruti.co.in","","crm@maruti.co.in","2","5","6",True
"1","1","1","1","First Level","2","First Level escalation for New Arena Sales Complaint ref. no {{caseNumber}}","msilcomplaints.noreply@maruti.co.in","SALES@RM","SALES@CBH,SALES@CRMC,SALES@SNP-CO,SALES@GM,SALES@QCM,SALES@SM,SALES@CEO,SALES@SNP-DVH,SALES@TSM,SALES@CRM-HEAD","2023-06-26 14:16:38.763506","admin","2025-06-24 03:32:24.38227","CONCENTRIX_SatishChowdary.Goli@maruti.co.in","","crm@maruti.co.in,sandeep.behera@maruti.co.in,gaurav.singal@maruti.co.in",NULL,"1","10",True
"157","1","1","2","Third Level","4","Third Level escalation for Repeat Arena Sales Complaint ref. no {{caseNumber}}","msilcomplaints.noreply@maruti.co.in","SALES@CCO","SALES@RM,SALES@CBH,SALES@CRMC,SALES@SNP-CO,SALES@GM,SALES@QCM,SALES@SM,SALES@CEO,SALES@DVH-MKT3,SALES@TSM,SALES@SNP-DVH,SALES@CRM-HEAD,SALES@DDVM-SNP,SALES@DVM-SNP","2023-11-29 07:46:27.604878","admin","2025-06-24 03:37:02.851897","CONCENTRIX_SatishChowdary.Goli@maruti.co.in","","crm@maruti.co.in,gaurav.singal@maruti.co.in,sandeep.behera@maruti.co.in","2","3","462",True
"113","1","1","2","Fifth Level","10","Fifth Level escalation for Repeat Arena Sales Complaint ref. no {{caseNumber}}","msilcomplaints.noreply@maruti.co.in","SALES@SH","SALES@RM,SALES@CBH,SALES@CRMC,SALES@SNP-CO,SALES@GM,SALES@QCM,SALES@SM,SALES@CEO,SALES@DVH-MKT3,SALES@TSM,SALES@SNP-DVH,SALES@CRM-HEAD,SALES@DDVM-SNP,SALES@DVM-SNP,SALES@CCO","2023-12-21 13:24:08.752788","admin","2025-06-24 03:42:50.910743","CONCENTRIX_SatishChowdary.Goli@maruti.co.in","","crm@maruti.co.in,gaurav.singal@maruti.co.in,sandeep.behera@maruti.co.in","1","5","482",True
"118","1","1","1","Fifth Level","10","Fifth Level escalation for New Arena Sales Complaint ref. no {{caseNumber}}","msilcomplaints.noreply@maruti.co.in","SALES@SH","SALES@RM,SALES@CBH,SALES@CRMC,SALES@SNP-CO,SALES@GM,SALES@QCM,SALES@SM,SALES@CEO,SALES@DVH-MKT3,SALES@TSM,SALES@SNP-DVH,SALES@CRM-HEAD,SALES@DDVM-SNP,SALES@DVM-SNP,SALES@CCO","2023-12-21 13:24:08.752788","admin","2025-06-24 03:44:55.081213","CONCENTRIX_SatishChowdary.Goli@maruti.co.in","","crm@maruti.co.in,gaurav.singal@maruti.co.in,sandeep.behera@maruti.co.in","1","5","6",True
"209","1","1","2","Weekly-Escalation","0","Weekly Escalation for Repeat Arena Sales Complaint ref. no {{caseNumber}}","msilcomplaints.noreply@maruti.co.in","SALES@TSM","SALES@GM,SALES@QCM,SALES@RM,SALES@CBH,SALES@CRMC,SALES@SNP-CO,SALES@SM,SALES@CEO,SALES@DVH-MKT3,SALES@SNP-DVH,SALES@SH,SALES@CRM-HEAD,SALES@DDVM-SNP,SALES@DVM-SNP,SALES@CCO","2025-04-28 10:14:52.258751","admin","2025-06-24 03:50:50.507137","CONCENTRIX_SatishChowdary.Goli@maruti.co.in","","crm@maruti.co.in,gaurav.singal@maruti.co.in,sandeep.behera@maruti.co.in","2","8","491",True
"116","1","1","1","Seventh Level","30","Seventh Level escalation for New Arena Sales Complaint ref. no {{caseNumber}}","msilcomplaints.noreply@maruti.co.in","SALES@TSM","SALES@GM,SALES@QCM,SALES@RM,SALES@CBH,SALES@CRMC,SALES@SNP-CO,SALES@SM,SALES@CEO,SALES@DVH-MKT3,SALES@SNP-DVH,SALES@SH,SALES@CRM-HEAD,SALES@DDVM-SNP,SALES@DVM-SNP,SALES@CCO","2023-12-14 15:50:18.125113","admin","2025-06-24 03:47:44.411132","CONCENTRIX_SatishChowdary.Goli@maruti.co.in","","crm@maruti.co.in,sandeep.behera@maruti.co.in,gaurav.singal@maruti.co.in","1","7","31",True
"142","4","1","1","Seventh Level","30","Seventh Level escalation for New Commercial Sales Complaint ref. no {{caseNumber}}","msilcomplaints.noreply@maruti.co.in","SALES@DVM","SALES@ZH,SALES@TSM,SALES@GM,SALES@CEO,SALES@DPM-COMS,SALES@COH,SALES@CC-INCHARGE","2023-12-14 15:50:18.125113","admin",NULL,NULL,"","crm@maruti.co.in","1","7","31",True
"143","4","1","1","Sixth Level","20","Sixth Level escalation for New Commercial Sales Complaint ref. no {{caseNumber}}","msilcomplaints.noreply@maruti.co.in","SALES@DVM","SALES@ZH,SALES@TSM,SALES@GM,SALES@CEO,SALES@DPM-COMS,SALES@COH,SALES@CC-INCHARGE","2023-12-14 15:50:18.125113","admin",NULL,NULL,"","crm@maruti.co.in","1","6","5",True
"184","4","1","1","Seventh Level","30","Seventh Level escalation for New Commercial Sales Complaint ref. no {{caseNumber}}","msilcomplaints.noreply@maruti.co.in","SALES@DVM","SALES@ZH,SALES@TSM,SALES@GM,SALES@CEO,SALES@DPM-COMS,SALES@COH,SALES@CC-INCHARGE","2023-12-14 15:50:18.125113","admin",NULL,NULL,"","crm@maruti.co.in","2","7","31",True
"185","4","1","1","Sixth Level","20","Sixth Level escalation for New Commercial Sales Complaint ref. no {{caseNumber}}","msilcomplaints.noreply@maruti.co.in","SALES@DVM","SALES@ZH,SALES@TSM,SALES@GM,SALES@CEO,SALES@DPM-COMS,SALES@COH,SALES@CC-INCHARGE","2023-12-14 15:50:18.125113","admin",NULL,NULL,"","crm@maruti.co.in","2","6","5",True
"167","2","1","1","Seventh Level","30","Seventh Level escalation for New Nexa Sales Complaint ref. no {{caseNumber}}","msilcomplaints.noreply@maruti.co.in","SALES@TSM","SALES@GM,SALES@QCM,SALES@RM,SALES@CBH,SALES@CRMC,SALES@SNP-CO,SALES@SM,SALES@CEO,SALES@DVH-MKT3,SALES@SNP-DVH,SALES@SH,SALES@CRM-HEAD,SALES@DDVM-SNP,SALES@DVM-SNP,SALES@CCO","2023-12-14 15:50:18.125113","admin","2025-06-18 15:52:56.540241","CONCENTRIX_SatishChowdary.Goli@maruti.co.in","","crm@maruti.co.in","2","7","31",True
"117","1","1","1","Sixth Level","20","Sixth Level escalation for New Arena Sales Complaint ref. no {{caseNumber}}","msilcomplaints.noreply@maruti.co.in","SALES@SH","SALES@RM,SALES@CBH,SALES@CRMC,SALES@SNP-CO,SALES@GM,SALES@QCM,SALES@SM,SALES@CEO,SALES@DVH-MKT3,SALES@TSM,SALES@SNP-DVH,SALES@CRM-HEAD,SALES@DDVM-SNP,SALES@DVM-SNP,SALES@CCO","2023-12-14 15:50:18.125113","admin","2025-06-24 03:45:17.520111","CONCENTRIX_SatishChowdary.Goli@maruti.co.in","","crm@maruti.co.in,sandeep.behera@maruti.co.in,gaurav.singal@maruti.co.in","1","6","5",True
"159","1","1","1","Sixth Level","20","Sixth Level escalation for New Arena Sales Complaint ref. no {{caseNumber}}","msilcomplaints.noreply@maruti.co.in","SALES@SH","SALES@RM,SALES@CBH,SALES@CRMC,SALES@SNP-CO,SALES@GM,SALES@QCM,SALES@SM,SALES@CEO,SALES@DVH-MKT3,SALES@TSM,SALES@SNP-DVH,SALES@CRM-HEAD,SALES@DDVM-SNP,SALES@DVM-SNP,SALES@CCO","2023-12-14 15:50:18.125113","admin","2025-06-24 03:45:39.583543","CONCENTRIX_SatishChowdary.Goli@maruti.co.in","","crm@maruti.co.in,gaurav.singal@maruti.co.in,sandeep.behera@maruti.co.in","2","6","5",True
"158","1","1","1","Seventh Level","30","Seventh Level escalation for New Arena Sales Complaint ref. no {{caseNumber}}","msilcomplaints.noreply@maruti.co.in","SALES@TSM","SALES@GM,SALES@QCM,SALES@RM,SALES@CBH,SALES@CRMC,SALES@SNP-CO,SALES@SM,SALES@CEO,SALES@DVH-MKT3,SALES@SNP-DVH,SALES@SH,SALES@CRM-HEAD,SALES@DDVM-SNP,SALES@DVM-SNP,SALES@CCO","2023-12-14 15:50:18.125113","admin","2025-06-24 03:48:19.691225","CONCENTRIX_SatishChowdary.Goli@maruti.co.in","","crm@maruti.co.in,gaurav.singal@maruti.co.in,sandeep.behera@maruti.co.in","2","7","31",True
"145","4","1","1","Fifth Level","10","Fifth Level escalation for New Commercial Sales Complaint ref. no {{caseNumber}}","msilcomplaints.noreply@maruti.co.in","SALES@DVM","SALES@ZH,SALES@TSM,SALES@GM,SALES@CEO,SALES@DPM-COMS,SALES@COH,SALES@CC-INCHARGE","2023-12-21 13:24:08.752788","admin",NULL,NULL,"","crm@maruti.co.in","1","5","6",True
"187","4","1","1","Fifth Level","10","Fifth Level escalation for New Commercial Sales Complaint ref. no {{caseNumber}}","msilcomplaints.noreply@maruti.co.in","SALES@DVM","SALES@ZH,SALES@TSM,SALES@GM,SALES@CEO,SALES@DPM-COMS,SALES@COH,SALES@CC-INCHARGE","2023-12-21 13:24:08.752788","admin",NULL,NULL,"","crm@maruti.co.in","2","5","6",True
"22","1","1","2","First Level","2","First Level escalation for Repeat Arena Sales Complaint ref. no {{caseNumber}}","msilcomplaints.noreply@maruti.co.in","SALES@CBH","SALES@TSM,SALES@GM,SALES@CRM-HEAD,SALES@SNP-CO,SALES@RM,SALES@SM,SALES@QCM,SALES@CEO,SALES@CRMC,SALES@SNP-DVH","2023-06-26 14:16:38.763506","admin","2025-06-24 03:31:07.792056","CONCENTRIX_SatishChowdary.Goli@maruti.co.in","","crm@maruti.co.in,gaurav.singal@maruti.co.in,sandeep.behera@maruti.co.in",NULL,"1","460",True
"14","4","1","1","Seventh Level","30","Seventh Level escalation for New Commercial Sales Complaint ref. no {{caseNumber}}","msilcomplaints.noreply@maruti.co.in","SALES@DVM","SALES@ZH,SALES@TSM,SALES@GM,SALES@CEO,SALES@DPM-COMS,SALES@COH,SALES@CC-INCHARGE","2023-06-26 14:16:38.763506","admin",NULL,NULL,"","crm@maruti.co.in",NULL,"7","15",True
"104","2","4","1","Third Level","10","Third Level escalation for New Nexa Suzuki Connect Gen 2 Product Complaint Number {{caseNumber}} which is registered on {{caseCreationDate}}","msilcomplaints.noreply@maruti.co.in","SUZUKI CONNECT@DVM(ASTS)@GEN2","SUZUKI CONNECT@SMGR(SETE)@GEN2,SUZUKI CONNECT@MGR(CRM-1)@GEN2,SUZUKI CONNECT@SMGR(CRM-1)@GEN2,SUZUKI CONNECT@SFMGR1(CRM1)@GEN2,SUZUKI CONNECT@DPM(SETE)@GEN2","2023-06-26 14:16:38.763506","admin",NULL,NULL,"","GEN2_Suzuki_Connect@maruti.co.in,SC_Nexa@nexaexperience.com","2","3","21",True
"29","2","1","2","First Level","2","First Level escalation for Repeat Nexa Sales Complaint ref. no {{caseNumber}}","msilcomplaints.noreply@maruti.co.in","SALES@CBH","SALES@TSM,SALES@GM,SALES@CRM-HEAD,SALES@SNP-CO,SALES@RM,SALES@SM,SALES@QCM,SALES@CEO,SALES@CRMC,SALES@SNP-DVH","2023-06-26 14:16:38.763506","admin","2024-05-16 14:41:26.230163",NULL,"","crm@maruti.co.in",NULL,"1","460",True
"83","1","3","2","First Level","2","First Level escalation for Repeat Arena Accessories Complaint ref. no {{caseNumber}}","msilcomplaints.noreply@maruti.co.in","ACCESSORIES@TAM,ACCESSORIES@RAM","SALES@SNP-CO,ACCESSORIES@AM(PACCLS),SALES@SM,SALES@CCM,SALES@CRMC,ACCESSORIES@MGR(ACC),ACCESSORIES@ZAM,SALES@GM","2023-06-26 14:16:38.763506","admin","2024-05-16 14:41:26.230163",NULL,"","",NULL,"1","465",True
"37","4","1","2","Second Level","3","Second Level escalation for Repeat Commercial Sales Complaint ref. no {{caseNumber}}","msilcomplaints.noreply@maruti.co.in","SALES@ZH","SALES@TSM,SALES@GM,SALES@CEO,SALES@DPM-COMS,SALES@DVM,SALES@COH,SALES@CC-INCHARGE","2023-06-26 14:16:38.763506","admin","2024-05-16 14:41:26.230163",NULL,"","crm@maruti.co.in",NULL,"2","466",True
"39","4","1","2","Fourth Level","5","Fourth Level escalation for Repeat Commercial Sales Complaint ref. no {{caseNumber}}","msilcomplaints.noreply@maruti.co.in","SALES@DVM","SALES@ZH,SALES@TSM,SALES@GM,SALES@CEO,SALES@DPM-COMS,SALES@COH,SALES@CC-INCHARGE","2023-06-26 14:16:38.763506","admin","2024-05-16 14:41:26.230163",NULL,"","crm@maruti.co.in",NULL,"4","470",True
"102","2","4","1","First Level","3","First Level escalation for New Nexa Suzuki Connect Gen 2 Product Complaint Number {{caseNumber}} which is registered on {{caseCreationDate}}","msilcomplaints.noreply@maruti.co.in","SUZUKI CONNECT@SMGR(SETE)@GEN2","SUZUKI CONNECT@MGR(CRM-1)@GEN2,SUZUKI CONNECT@SMGR(CRM-1)@GEN2,SUZUKI CONNECT@DPM(SETE)@GEN2","2023-06-26 14:16:38.763506","admin",NULL,NULL,"","GEN2_Suzuki_Connect@maruti.co.in,SC_Nexa@nexaexperience.com","2","1","18",True
"99","1","4","1","First Level","3","First Level escalation for New Arena Suzuki Connect Gen 2 Product Complaint Number {{caseNumber}} which is registered on {{caseCreationDate}}","msilcomplaints.noreply@maruti.co.in","SUZUKI CONNECT@SMGR(SETE)@GEN2","SUZUKI CONNECT@MGR(CRM-1)@GEN2,SUZUKI CONNECT@SMGR(CRM-1)@GEN2,SUZUKI CONNECT@DPM(SETE)@GEN2","2023-06-26 14:16:38.763506","admin",NULL,NULL,"","GEN2_Suzuki_Connect@maruti.co.in,SC_Nexa@nexaexperience.com","2","1","18",True
"194","4","1","2","First Level","2","First Level escalation for Repeat Commercial Sales Complaint ref. no {{caseNumber}}","msilcomplaints.noreply@maruti.co.in","SALES@ZH","SALES@TSM,SALES@GM,SALES@CEO,SALES@DPM-COMS,SALES@DVM,SALES@COH,SALES@CC-INCHARGE","2023-11-29 07:46:27.604878","admin","2024-05-16 14:41:26.230163",NULL,"","crm@maruti.co.in","2","1","460",True
"38","4","1","2","Third Level","4","Third Level escalation for Repeat Commercial Sales Complaint ref. no {{caseNumber}}","msilcomplaints.noreply@maruti.co.in","SALES@DVM","SALES@ZH,SALES@TSM,SALES@GM,SALES@CEO,SALES@DPM-COMS,SALES@COH,SALES@CC-INCHARGE","2023-06-26 14:16:38.763506","admin","2024-05-16 14:41:26.230163",NULL,"","crm@maruti.co.in",NULL,"3","462",True
"87","2","3","2","First Level","2","First Level escalation for Repeat Nexa Accessories Complaint ref. no {{caseNumber}}","msilcomplaints.noreply@maruti.co.in","ACCESSORIES@TAM,ACCESSORIES@RAM","SALES@SNP-CO,ACCESSORIES@AM(PACCLS),SALES@SM,SALES@CCM,SALES@CRMC,ACCESSORIES@MGR(ACC),ACCESSORIES@ZAM,SALES@GM","2023-06-26 14:16:38.763506","admin","2024-05-16 14:41:26.230163",NULL,"","",NULL,"1","465",True
"193","4","1","2","Second Level","3","Second Level escalation for Repeat Commercial Sales Complaint ref. no {{caseNumber}}","msilcomplaints.noreply@maruti.co.in","SALES@ZH","SALES@TSM,SALES@GM,SALES@CEO,SALES@DPM-COMS,SALES@DVM,SALES@COH,SALES@CC-INCHARGE","2023-11-29 07:46:27.604878","admin","2024-05-16 14:41:26.230163",NULL,"","crm@maruti.co.in","2","2","466",True
"151","4","1","2","Second Level","3","Second Level escalation for Repeat Commercial Sales Complaint ref. no {{caseNumber}}","msilcomplaints.noreply@maruti.co.in","SALES@ZH","SALES@TSM,SALES@GM,SALES@CEO,SALES@DPM-COMS,SALES@DVM,SALES@COH,SALES@CC-INCHARGE","2023-11-29 07:44:15.567792","admin","2024-05-16 14:41:26.230163",NULL,"","crm@maruti.co.in","1","2","466",True
"92","3","3","2","Second Level","5","Second Level escalation for Repeat True Value Accessories Complaint ref. no {{caseNumber}}","msilcomplaints.noreply@maruti.co.in","ACCESSORIES@ZAM","TRUE VALUE@CCM,TRUE VALUE@CEO,ACCESSORIES@AM(PACCLS),TRUE VALUE@SNP-CO,TRUE VALUE@TVM,ACCESSORIES@TAM,ACCESSORIES@MGR(ACC),ACCESSORIES@RAM","2023-06-26 14:16:38.763506","admin","2024-05-16 14:41:26.230163",NULL,"","",NULL,"2","467",True
"76","3","3","1","Second Level","5","Second Level escalation for New True Value Accessories Complaint ref. no {{caseNumber}}","msilcomplaints.noreply@maruti.co.in","ACCESSORIES@ZAM","TRUE VALUE@CCM,TRUE VALUE@CEO,ACCESSORIES@AM(PACCLS),TRUE VALUE@SNP-CO,TRUE VALUE@TVM,ACCESSORIES@TAM,ACCESSORIES@MGR(ACC),ACCESSORIES@RAM","2023-06-26 14:16:38.763506","admin","2024-05-16 14:41:26.230163",NULL,"","",NULL,"2","12",True
"189","4","1","1","Third Level","4","Third Level escalation for New Commercial Sales Complaint ref. no {{caseNumber}}","msilcomplaints.noreply@maruti.co.in","SALES@DVM","SALES@ZH,SALES@TSM,SALES@GM,SALES@CEO,SALES@DPM-COMS,SALES@COH,SALES@CC-INCHARGE","2023-11-29 07:46:27.604878","admin","2024-05-16 14:41:26.230163",NULL,"","crm@maruti.co.in","2","3","14",True
"97","4","3","2","Third Level","7","Third Level escalation for Repeat Commercial Accessories Complaint ref. no {{caseNumber}}","msilcomplaints.noreply@maruti.co.in","ACCESSORIES@ZAM","SALES@SNP-CO,ACCESSORIES@AM(PACCLS),SALES@SM,SALES@CCM,ACCESSORIES@TAM,SALES@CRMC,ACCESSORIES@MGR(ACC),ACCESSORIES@RAM,SALES@GM","2023-06-26 14:16:38.763506","admin","2024-05-16 14:41:26.230163",NULL,"","",NULL,"3","469",True
"89","2","3","2","Third Level","7","Third Level escalation for Repeat Nexa Accessories Complaint ref. no {{caseNumber}}","msilcomplaints.noreply@maruti.co.in","ACCESSORIES@ZAM","SALES@SNP-CO,ACCESSORIES@AM(PACCLS),SALES@SM,SALES@CCM,ACCESSORIES@TAM,SALES@CRMC,ACCESSORIES@MGR(ACC),ACCESSORIES@RAM,SALES@GM","2023-06-26 14:16:38.763506","admin","2024-05-16 14:41:26.230163",NULL,"","",NULL,"3","469",True
"93","3","3","2","Third Level","7","Third Level escalation for Repeat True Value Accessories Complaint ref. no {{caseNumber}}","msilcomplaints.noreply@maruti.co.in","ACCESSORIES@ZAM","TRUE VALUE@CCM,TRUE VALUE@CEO,ACCESSORIES@AM(PACCLS),TRUE VALUE@SNP-CO,TRUE VALUE@TVM,ACCESSORIES@TAM,ACCESSORIES@MGR(ACC),ACCESSORIES@RAM","2023-06-26 14:16:38.763506","admin","2024-05-16 14:41:26.230163",NULL,"","",NULL,"3","469",True
"47","2","2","1","Second Level","5","Second Level escalation for New Nexa Service Complaint ref. no {{caseNumber}}","msilcomplaints.noreply@maruti.co.in","SERVICE@ZSH,SERVICE@DPM,SERVICE@DPO-VESM","SERVICE@CEO,SERVICE@GM,SERVICE@WM,SERVICE@TSM,SERVICE@RSM,SERVICE@CC,SERVICE@TSDEC,SERVICE@CH,SERVICE@DDVM","2023-06-26 14:16:38.763506","admin","2024-05-16 14:41:26.230163",NULL,"","",NULL,"2","25",True
"105","1","4","2","First Level","3","First Level escalation for Repeat Arena Suzuki Connect Gen 2 Product Complaint Number {{caseNumber}} which is registered on {{caseCreationDate}}","msilcomplaints.noreply@maruti.co.in","SUZUKI CONNECT@SMGR(SETE)@GEN2","SUZUKI CONNECT@MGR(CRM-1)@GEN2,SUZUKI CONNECT@SMGR(CRM-1)@GEN2,SUZUKI CONNECT@DPM(SETE)@GEN2","2023-06-26 14:16:38.763506","admin","2024-05-16 14:41:26.230163",NULL,"","GEN2_Suzuki_Connect@maruti.co.in,SC_Nexa@nexaexperience.com","2","1","471",True
"108","2","4","2","First Level","3","First Level escalation for Repeat Nexa Suzuki Connect Gen 2 Product Complaint Number {{caseNumber}} which is registered on {{caseCreationDate}}","msilcomplaints.noreply@maruti.co.in","SUZUKI CONNECT@SMGR(SETE)@GEN2","SUZUKI CONNECT@MGR(CRM-1)@GEN2,SUZUKI CONNECT@SMGR(CRM-1)@GEN2,SUZUKI CONNECT@DPM(SETE)@GEN2","2023-06-26 14:16:38.763506","admin","2024-05-16 14:41:26.230163",NULL,"","GEN2_Suzuki_Connect@maruti.co.in,SC_Nexa@nexaexperience.com","2","1","471",True
"57","2","2","2","Third Level","7","Third Level escalation for Repeat Nexa Service Complaint ref. no {{caseNumber}}","msilcomplaints.noreply@maruti.co.in","SERVICE@CH,SERVICE@DDVM","SERVICE@CEO,SERVICE@GM,SERVICE@WM,SERVICE@TSM,SERVICE@RSM,SERVICE@CC,SERVICE@ZSH,SERVICE@TSDEC,SERVICE@DPO-VESM,SERVICE@DPO","2023-06-26 14:16:38.763506","admin","2024-05-16 14:41:26.230163",NULL,"","",NULL,"3","475",True
"60","4","2","2","Third Level","7","Third Level escalation for Repeat Commercial Service Complaint ref. no {{caseNumber}}","msilcomplaints.noreply@maruti.co.in","SERVICE@CH,SERVICE@DDVM","SERVICE@CEO,SERVICE@GM,SERVICE@WM,SERVICE@TSM,SERVICE@RSM,SERVICE@CC,SERVICE@ZSH,SERVICE@TSDEC,SERVICE@DPO-VESM,SERVICE@DPO","2023-06-26 14:16:38.763506","admin","2024-05-16 14:41:26.230163",NULL,"","",NULL,"3","475",True
"54","1","2","2","Third Level","7","Third Level escalation for Repeat Arena Service Complaint ref. no {{caseNumber}}","msilcomplaints.noreply@maruti.co.in","SERVICE@CH,SERVICE@DDVM","SERVICE@CEO,SERVICE@GM,SERVICE@WM,SERVICE@TSM,SERVICE@RSM,SERVICE@CC,SERVICE@ZSH,SERVICE@TSDEC,SERVICE@DPO-VESM,SERVICE@DPO","2023-06-26 14:16:38.763506","admin","2024-05-16 14:41:26.230163",NULL,"","",NULL,"3","475",True
"129","2","1","1","Fourth Level","5","Fourth Level escalation for New Nexa Sales Complaint ref. no {{caseNumber}}","msilcomplaints.noreply@maruti.co.in","SALES@CCO","SALES@RM,SALES@CBH,SALES@CRMC,SALES@SNP-CO,SALES@GM,SALES@QCM,SALES@SM,SALES@CEO,SALES@DVH-MKT3,SALES@TSM,SALES@SNP-DVH,SALES@CRM-HEAD,SALES@DDVM-SNP,SALES@DVM-SNP","2023-11-29 07:44:15.567792","admin","2025-06-18 15:04:49.905936","CONCENTRIX_SatishChowdary.Goli@maruti.co.in","","crm@maruti.co.in","1","4","27",True
"120","1","1","1","Fourth Level","5","Fourth Level escalation for New Arena Sales Complaint ref. no {{caseNumber}}","msilcomplaints.noreply@maruti.co.in","SALES@CCO","SALES@RM,SALES@CBH,SALES@CRMC,SALES@SNP-CO,SALES@GM,SALES@QCM,SALES@SM,SALES@CEO,SALES@DVH-MKT3,SALES@TSM,SALES@SNP-DVH,SALES@CRM-HEAD,SALES@DDVM-SNP,SALES@DVM-SNP","2023-11-29 07:44:15.567792","admin","2025-06-24 03:38:56.742788","CONCENTRIX_SatishChowdary.Goli@maruti.co.in","","crm@maruti.co.in,gaurav.singal@maruti.co.in,sandeep.behera@maruti.co.in","1","4","27",True
"18","2","1","1","Fourth Level","5","Fourth Level escalation for New Nexa Sales Complaint ref. no {{caseNumber}}","msilcomplaints.noreply@maruti.co.in","SALES@CCO","SALES@RM,SALES@CBH,SALES@CRMC,SALES@SNP-CO,SALES@GM,SALES@QCM,SALES@SM,SALES@CEO,SALES@DVH-MKT3,SALES@TSM,SALES@SNP-DVH,SALES@CRM-HEAD,SALES@DDVM-SNP,SALES@DVM-SNP","2023-06-26 14:16:38.763506","admin","2025-06-18 15:05:57.537443","CONCENTRIX_SatishChowdary.Goli@maruti.co.in","","crm@maruti.co.in",NULL,"4","27",True
"34","2","1","2","Sixth Level","20","Sixth Level escalation for Repeat Nexa Sales Complaint ref. no {{caseNumber}}","msilcomplaints.noreply@maruti.co.in","SALES@SH","SALES@RM,SALES@CBH,SALES@CRMC,SALES@SNP-CO,SALES@GM,SALES@QCM,SALES@SM,SALES@CEO,SALES@DVH-MKT3,SALES@TSM,SALES@SNP-DVH,SALES@CRM-HEAD,SALES@DDVM-SNP,SALES@DVM-SNP,SALES@CCO","2023-06-26 14:16:38.763506","admin","2025-06-18 15:48:50.095981","CONCENTRIX_SatishChowdary.Goli@maruti.co.in","","crm@maruti.co.in",NULL,"6","477",True
"4","1","1","1","Fourth Level","5","Fourth Level escalation for New Arena Sales Complaint ref. no {{caseNumber}}","msilcomplaints.noreply@maruti.co.in","SALES@CCO","SALES@RM,SALES@CBH,SALES@CRMC,SALES@SNP-CO,SALES@GM,SALES@QCM,SALES@SM,SALES@CEO,SALES@DVH-MKT3,SALES@TSM,SALES@SNP-DVH,SALES@CRM-HEAD,SALES@DDVM-SNP,SALES@DVM-SNP","2023-06-26 14:16:38.763506","admin","2025-06-24 03:39:27.15873","CONCENTRIX_SatishChowdary.Goli@maruti.co.in","","crm@maruti.co.in,sandeep.behera@maruti.co.in,gaurav.singal@maruti.co.in",NULL,"4","27",True
"27","1","1","2","Sixth Level","20","Sixth Level escalation for Repeat Arena Sales Complaint ref. no {{caseNumber}}","msilcomplaints.noreply@maruti.co.in","SALES@SH","SALES@RM,SALES@CBH,SALES@CRMC,SALES@SNP-CO,SALES@GM,SALES@QCM,SALES@SM,SALES@CEO,SALES@DVH-MKT3,SALES@TSM,SALES@SNP-DVH,SALES@CRM-HEAD,SALES@DDVM-SNP,SALES@DVM-SNP,SALES@CCO","2023-06-26 14:16:38.763506","admin","2025-06-24 03:46:05.769195","CONCENTRIX_SatishChowdary.Goli@maruti.co.in","","crm@maruti.co.in,sandeep.behera@maruti.co.in,gaurav.singal@maruti.co.in",NULL,"6","477",True
"128","2","1","2","Seventh Level","30","Seventh Level escalation for Repeat Nexa Sales Complaint ref. no {{caseNumber}}","msilcomplaints.noreply@maruti.co.in","SALES@TSM","SALES@GM,SALES@QCM,SALES@RM,SALES@CBH,SALES@CRMC,SALES@SNP-CO,SALES@SM,SALES@CEO,SALES@DVH-MKT3,SALES@SNP-DVH,SALES@SH,SALES@CRM-HEAD,SALES@DDVM-SNP,SALES@DVM-SNP,SALES@CCO","2023-12-14 15:50:18.125113","admin","2025-06-18 15:54:01.812776","CONCENTRIX_SatishChowdary.Goli@maruti.co.in","","crm@maruti.co.in","1","7","479",True
"170","2","1","2","Seventh Level","30","Seventh Level escalation for Repeat Nexa Sales Complaint ref. no {{caseNumber}}","msilcomplaints.noreply@maruti.co.in","SALES@TSM","SALES@GM,SALES@QCM,SALES@RM,SALES@CBH,SALES@CRMC,SALES@SNP-CO,SALES@SM,SALES@CEO,SALES@DVH-MKT3,SALES@SNP-DVH,SALES@SH,SALES@CRM-HEAD,SALES@DDVM-SNP,SALES@DVM-SNP,SALES@CCO","2023-12-14 15:50:18.125113","admin","2025-06-18 15:54:33.401027","CONCENTRIX_SatishChowdary.Goli@maruti.co.in","","crm@maruti.co.in","2","7","479",True
"153","1","1","2","Seventh Level","30","Seventh Level escalation for Repeat Arena Sales Complaint ref. no {{caseNumber}}","msilcomplaints.noreply@maruti.co.in","SALES@TSM","SALES@GM,SALES@QCM,SALES@RM,SALES@CBH,SALES@CRMC,SALES@SNP-CO,SALES@SM,SALES@CEO,SALES@DVH-MKT3,SALES@SNP-DVH,SALES@SH,SALES@CRM-HEAD,SALES@DDVM-SNP,SALES@DVM-SNP,SALES@CCO","2023-12-14 15:50:18.125113","admin","2025-06-24 03:48:41.960625","CONCENTRIX_SatishChowdary.Goli@maruti.co.in","","crm@maruti.co.in,sandeep.behera@maruti.co.in,gaurav.singal@maruti.co.in","2","7","479",True
"107","1","4","2","Third Level","10","Third Level escalation for Repeat Arena Suzuki Connect Gen 2 Product Complaint Number {{caseNumber}} which is registered on {{caseCreationDate}}","msilcomplaints.noreply@maruti.co.in","SUZUKI CONNECT@DVM(ASTS)@GEN2","SUZUKI CONNECT@SMGR(SETE)@GEN2,SUZUKI CONNECT@MGR(CRM-1)@GEN2,SUZUKI CONNECT@SMGR(CRM-1)@GEN2,SUZUKI CONNECT@SFMGR1(CRM1)@GEN2,SUZUKI CONNECT@DPM(SETE)@GEN2","2023-06-26 14:16:38.763506","admin","2024-05-16 14:41:26.230163",NULL,"","GEN2_Suzuki_Connect@maruti.co.in,SC_Nexa@nexaexperience.com","2","3","478",True
"111","1","1","2","Seventh Level","30","Seventh Level escalation for Repeat Arena Sales Complaint ref. no {{caseNumber}}","msilcomplaints.noreply@maruti.co.in","SALES@TSM","SALES@GM,SALES@QCM,SALES@RM,SALES@CBH,SALES@CRMC,SALES@SNP-CO,SALES@SM,SALES@CEO,SALES@DVH-MKT3,SALES@SNP-DVH,SALES@SH,SALES@CRM-HEAD,SALES@DDVM-SNP,SALES@DVM-SNP,SALES@CCO","2023-12-14 15:50:18.125113","admin","2025-06-24 03:49:13.586403","CONCENTRIX_SatishChowdary.Goli@maruti.co.in","","crm@maruti.co.in,gaurav.singal@maruti.co.in,sandeep.behera@maruti.co.in","1","7","479",True
"139","4","1","2","Seventh Level","30","Seventh Level escalation for Repeat Commercial Sales Complaint ref. no {{caseNumber}}","msilcomplaints.noreply@maruti.co.in","SALES@DVM","SALES@ZH,SALES@TSM,SALES@GM,SALES@CEO,SALES@DPM-COMS,SALES@COH,SALES@CC-INCHARGE","2023-12-14 15:50:18.125113","admin","2024-05-16 14:41:26.230163",NULL,"","crm@maruti.co.in","1","7","479",True
"181","4","1","2","Seventh Level","30","Seventh Level escalation for Repeat Commercial Sales Complaint ref. no {{caseNumber}}","msilcomplaints.noreply@maruti.co.in","SALES@DVM","SALES@ZH,SALES@TSM,SALES@GM,SALES@CEO,SALES@DPM-COMS,SALES@COH,SALES@CC-INCHARGE","2023-12-14 15:50:18.125113","admin","2024-05-16 14:41:26.230163",NULL,"","crm@maruti.co.in","2","7","479",True
"140","4","1","2","Sixth Level","20","Sixth Level escalation for Repeat Commercial Sales Complaint ref. no {{caseNumber}}","msilcomplaints.noreply@maruti.co.in","SALES@DVM","SALES@ZH,SALES@TSM,SALES@GM,SALES@CEO,SALES@DPM-COMS,SALES@COH,SALES@CC-INCHARGE","2023-12-14 15:50:18.125113","admin","2024-05-16 14:41:26.230163",NULL,"","crm@maruti.co.in","1","6","480",True
"131","2","1","2","Sixth Level","20","Sixth Level escalation for Repeat Nexa Sales Complaint ref. no {{caseNumber}}","msilcomplaints.noreply@maruti.co.in","SALES@SH","SALES@RM,SALES@CBH,SALES@CRMC,SALES@SNP-CO,SALES@GM,SALES@QCM,SALES@SM,SALES@CEO,SALES@DVH-MKT3,SALES@TSM,SALES@SNP-DVH,SALES@CRM-HEAD,SALES@DDVM-SNP,SALES@DVM-SNP,SALES@CCO","2023-12-14 15:50:18.125113","admin","2025-06-18 15:49:18.176419","CONCENTRIX_SatishChowdary.Goli@maruti.co.in","","crm@maruti.co.in","1","6","480",True
"173","2","1","2","Sixth Level","20","Sixth Level escalation for Repeat Nexa Sales Complaint ref. no {{caseNumber}}","msilcomplaints.noreply@maruti.co.in","SALES@SH","SALES@RM,SALES@CBH,SALES@CRMC,SALES@SNP-CO,SALES@GM,SALES@QCM,SALES@SM,SALES@CEO,SALES@DVH-MKT3,SALES@TSM,SALES@SNP-DVH,SALES@CRM-HEAD,SALES@DDVM-SNP,SALES@DVM-SNP,SALES@CCO","2023-12-14 15:50:18.125113","admin","2025-06-18 15:50:02.114202","CONCENTRIX_SatishChowdary.Goli@maruti.co.in","","crm@maruti.co.in","2","6","480",True
"112","1","1","2","Sixth Level","20","Sixth Level escalation for Repeat Arena Sales Complaint ref. no {{caseNumber}}","msilcomplaints.noreply@maruti.co.in","SALES@SH","SALES@RM,SALES@CBH,SALES@CRMC,SALES@SNP-CO,SALES@GM,SALES@QCM,SALES@SM,SALES@CEO,SALES@DVH-MKT3,SALES@TSM,SALES@SNP-DVH,SALES@CRM-HEAD,SALES@DDVM-SNP,SALES@DVM-SNP,SALES@CCO","2023-12-14 15:50:18.125113","admin","2025-06-24 03:46:30.561651","CONCENTRIX_SatishChowdary.Goli@maruti.co.in","","crm@maruti.co.in,gaurav.singal@maruti.co.in,sandeep.behera@maruti.co.in","1","6","480",True
"154","1","1","2","Sixth Level","20","Sixth Level escalation for Repeat Arena Sales Complaint ref. no {{caseNumber}}","msilcomplaints.noreply@maruti.co.in","SALES@SH","SALES@RM,SALES@CBH,SALES@CRMC,SALES@SNP-CO,SALES@GM,SALES@QCM,SALES@SM,SALES@CEO,SALES@DVH-MKT3,SALES@TSM,SALES@SNP-DVH,SALES@CRM-HEAD,SALES@DDVM-SNP,SALES@DVM-SNP,SALES@CCO","2023-12-14 15:50:18.125113","admin","2025-06-24 03:46:53.863812","CONCENTRIX_SatishChowdary.Goli@maruti.co.in","","crm@maruti.co.in,sandeep.behera@maruti.co.in,gaurav.singal@maruti.co.in","2","6","480",True
"182","4","1","2","Sixth Level","20","Sixth Level escalation for Repeat Commercial Sales Complaint ref. no {{caseNumber}}","msilcomplaints.noreply@maruti.co.in","SALES@DVM","SALES@ZH,SALES@TSM,SALES@GM,SALES@CEO,SALES@DPM-COMS,SALES@COH,SALES@CC-INCHARGE","2023-12-14 15:50:18.125113","admin","2024-05-16 14:41:26.230163",NULL,"","crm@maruti.co.in","2","6","480",True
"35","2","1","2","Seventh Level","30","Seventh Level escalation for Repeat Nexa Sales Complaint ref. no {{caseNumber}}","msilcomplaints.noreply@maruti.co.in","SALES@TSM","SALES@GM,SALES@QCM,SALES@RM,SALES@CBH,SALES@CRMC,SALES@SNP-CO,SALES@SM,SALES@CEO,SALES@DVH-MKT3,SALES@SNP-DVH,SALES@SH,SALES@CRM-HEAD,SALES@DDVM-SNP,SALES@DVM-SNP,SALES@CCO","2023-06-26 14:16:38.763506","admin","2025-06-18 15:55:20.841395","CONCENTRIX_SatishChowdary.Goli@maruti.co.in","","crm@maruti.co.in",NULL,"7","481",True
"28","1","1","2","Seventh Level","30","Seventh Level escalation for Repeat Arena Sales Complaint ref. no {{caseNumber}}","msilcomplaints.noreply@maruti.co.in","SALES@TSM","SALES@GM,SALES@QCM,SALES@RM,SALES@CBH,SALES@CRMC,SALES@SNP-CO,SALES@SM,SALES@CEO,SALES@DVH-MKT3,SALES@SNP-DVH,SALES@SH,SALES@CRM-HEAD,SALES@DDVM-SNP,SALES@DVM-SNP,SALES@CCO","2023-06-26 14:16:38.763506","admin","2025-06-24 03:44:21.288325","CONCENTRIX_SatishChowdary.Goli@maruti.co.in","","crm@maruti.co.in,sandeep.behera@maruti.co.in,gaurav.singal@maruti.co.in",NULL,"7","481",True
"42","4","1","2","Seventh Level","30","Seventh Level escalation for Repeat Commercial Sales Complaint ref. no {{caseNumber}}","msilcomplaints.noreply@maruti.co.in","SALES@DVM","SALES@ZH,SALES@TSM,SALES@GM,SALES@CEO,SALES@DPM-COMS,SALES@COH,SALES@CC-INCHARGE","2023-06-26 14:16:38.763506","admin","2024-05-16 14:41:26.230163",NULL,"","crm@maruti.co.in",NULL,"7","481",True
"183","4","1","2","Fifth Level","10","Fifth Level escalation for Repeat Commercial Sales Complaint ref. no {{caseNumber}}","msilcomplaints.noreply@maruti.co.in","SALES@DVM","SALES@ZH,SALES@TSM,SALES@GM,SALES@CEO,SALES@DPM-COMS,SALES@COH,SALES@CC-INCHARGE","2023-12-21 13:24:08.752788","admin","2024-05-16 14:41:26.230163",NULL,"","crm@maruti.co.in","2","5","482",True
"141","4","1","2","Fifth Level","10","Fifth Level escalation for Repeat Commercial Sales Complaint ref. no {{caseNumber}}","msilcomplaints.noreply@maruti.co.in","SALES@DVM","SALES@ZH,SALES@TSM,SALES@GM,SALES@CEO,SALES@DPM-COMS,SALES@COH,SALES@CC-INCHARGE","2023-12-21 13:24:08.752788","admin","2024-05-16 14:41:26.230163",NULL,"","crm@maruti.co.in","1","5","482",True
"144","4","1","2","Fourth Level","5","Fourth Level escalation for Repeat Commercial Sales Complaint ref. no {{caseNumber}}","msilcomplaints.noreply@maruti.co.in","SALES@DVM","SALES@ZH,SALES@TSM,SALES@GM,SALES@CEO,SALES@DPM-COMS,SALES@COH,SALES@CC-INCHARGE","2023-12-21 13:24:08.752788","admin","2024-05-16 14:41:26.230163",NULL,"","crm@maruti.co.in","1","4","483",True
"186","4","1","2","Fourth Level","5","Fourth Level escalation for Repeat Commercial Sales Complaint ref. no {{caseNumber}}","msilcomplaints.noreply@maruti.co.in","SALES@DVM","SALES@ZH,SALES@TSM,SALES@GM,SALES@CEO,SALES@DPM-COMS,SALES@COH,SALES@CC-INCHARGE","2023-12-21 13:24:08.752788","admin","2024-05-16 14:41:26.230163",NULL,"","crm@maruti.co.in","2","4","483",True
"40","4","1","2","Fifth Level","10","Fifth Level escalation for Repeat Commercial Sales Complaint ref. no {{caseNumber}}","msilcomplaints.noreply@maruti.co.in","SALES@DVM","SALES@ZH,SALES@TSM,SALES@GM,SALES@CEO,SALES@DPM-COMS,SALES@COH,SALES@CC-INCHARGE","2023-06-26 14:16:38.763506","admin","2024-05-16 14:41:26.230163",NULL,"","crm@maruti.co.in",NULL,"5","461",True
"148","4","1","2","Third Level","4","Third Level escalation for Repeat Commercial Sales Complaint ref. no {{caseNumber}}","msilcomplaints.noreply@maruti.co.in","SALES@DVM","SALES@ZH,SALES@TSM,SALES@GM,SALES@CEO,SALES@DPM-COMS,SALES@COH,SALES@CC-INCHARGE","2023-11-29 07:44:15.567792","admin","2024-05-16 14:41:26.230163",NULL,"","crm@maruti.co.in","1","3","462",True
"147","4","1","1","Third Level","4","Third Level escalation for New Commercial Sales Complaint ref. no {{caseNumber}}","msilcomplaints.noreply@maruti.co.in","SALES@DVM","SALES@ZH,SALES@TSM,SALES@GM,SALES@CEO,SALES@DPM-COMS,SALES@COH,SALES@CC-INCHARGE","2023-11-29 07:44:15.567792","admin","2024-05-16 14:41:26.230163",NULL,"","crm@maruti.co.in","1","3","14",True
"146","4","1","1","Fourth Level","5","Fourth Level escalation for New Commercial Sales Complaint ref. no {{caseNumber}}","msilcomplaints.noreply@maruti.co.in","SALES@DVM","SALES@ZH,SALES@TSM,SALES@GM,SALES@CEO,SALES@DPM-COMS,SALES@COH,SALES@CC-INCHARGE","2023-11-29 07:44:15.567792","admin","2024-05-16 14:41:26.230163",NULL,"","crm@maruti.co.in","1","4","27",True
"11","4","1","1","Fourth Level","5","Fourth Level escalation for New Commercial Sales Complaint ref. no {{caseNumber}}","msilcomplaints.noreply@maruti.co.in","SALES@DVM","SALES@ZH,SALES@TSM,SALES@GM,SALES@CEO,SALES@DPM-COMS,SALES@COH,SALES@CC-INCHARGE","2023-06-26 14:16:38.763506","admin","2024-05-16 14:41:26.230163",NULL,"","crm@maruti.co.in",NULL,"4","27",True
"190","4","1","2","Third Level","4","Third Level escalation for Repeat Commercial Sales Complaint ref. no {{caseNumber}}","msilcomplaints.noreply@maruti.co.in","SALES@DVM","SALES@ZH,SALES@TSM,SALES@GM,SALES@CEO,SALES@DPM-COMS,SALES@COH,SALES@CC-INCHARGE","2023-11-29 07:46:27.604878","admin","2024-05-16 14:41:26.230163",NULL,"","crm@maruti.co.in","2","3","462",True
"12","4","1","1","Fifth Level","10","Fifth Level escalation for New Commercial Sales Complaint ref. no {{caseNumber}}","msilcomplaints.noreply@maruti.co.in","SALES@DVM","SALES@ZH,SALES@TSM,SALES@GM,SALES@CEO,SALES@DPM-COMS,SALES@COH,SALES@CC-INCHARGE","2023-06-26 14:16:38.763506","admin",NULL,NULL,"","crm@maruti.co.in",NULL,"5","2",True
"13","4","1","1","Sixth Level","20","Sixth Level escalation for New Commercial Sales Complaint ref. no {{caseNumber}}","msilcomplaints.noreply@maruti.co.in","SALES@DVM","SALES@ZH,SALES@TSM,SALES@GM,SALES@CEO,SALES@DPM-COMS,SALES@COH,SALES@CC-INCHARGE","2023-06-26 14:16:38.763506","admin",NULL,NULL,"","crm@maruti.co.in",NULL,"6","24",True
"41","4","1","2","Sixth Level","20","Sixth Level escalation for Repeat Commercial Sales Complaint ref. no {{caseNumber}}","msilcomplaints.noreply@maruti.co.in","SALES@DVM","SALES@ZH,SALES@TSM,SALES@GM,SALES@CEO,SALES@DPM-COMS,SALES@COH,SALES@CC-INCHARGE","2023-06-26 14:16:38.763506","admin","2024-05-16 14:41:26.230163",NULL,"","crm@maruti.co.in",NULL,"6","477",True
"86","1","3","2","Fourth Level","9","Fourth Level escalation for Repeat Arena Accessories Complaint ref. no {{caseNumber}}","msilcomplaints.noreply@maruti.co.in","ACCESSORIES@ZAM","SALES@SNP-CO,ACCESSORIES@AM(PACCLS),SALES@SM,SALES@CCM,ACCESSORIES@TAM,SALES@CRMC,ACCESSORIES@MGR(ACC),ACCESSORIES@RAM,SALES@GM","2023-06-26 14:16:38.763506","admin","2024-05-16 14:41:26.230163",NULL,"","",NULL,"4","476",True
"122","1","1","2","First Level","2","First Level escalation for Repeat Arena Sales Complaint ref. no {{caseNumber}}","msilcomplaints.noreply@maruti.co.in","SALES@CBH","SALES@TSM,SALES@GM,SALES@CRM-HEAD,SALES@SNP-CO,SALES@RM,SALES@SM,SALES@QCM,SALES@CEO,SALES@CRMC,SALES@SNP-DVH","2023-11-29 07:44:15.567792","admin","2025-06-24 03:31:49.556805","CONCENTRIX_SatishChowdary.Goli@maruti.co.in","","crm@maruti.co.in,sandeep.behera@maruti.co.in,gaurav.singal@maruti.co.in","1","1","460",True
"94","3","3","2","Fourth Level","9","Fourth Level escalation for Repeat True Value Accessories Complaint ref. no {{caseNumber}}","msilcomplaints.noreply@maruti.co.in","ACCESSORIES@ZAM","TRUE VALUE@CCM,TRUE VALUE@CEO,ACCESSORIES@AM(PACCLS),TRUE VALUE@SNP-CO,TRUE VALUE@TVM,ACCESSORIES@TAM,ACCESSORIES@MGR(ACC),ACCESSORIES@RAM","2023-06-26 14:16:38.763506","admin","2024-05-16 14:41:26.230163",NULL,"","",NULL,"4","476",True
"164","1","1","2","First Level","2","First Level escalation for Repeat Arena Sales Complaint ref. no {{caseNumber}}","msilcomplaints.noreply@maruti.co.in","SALES@CBH","SALES@TSM,SALES@GM,SALES@CRM-HEAD,SALES@SNP-CO,SALES@RM,SALES@SM,SALES@QCM,SALES@CEO,SALES@CRMC,SALES@SNP-DVH","2023-11-29 07:46:27.604878","admin","2025-06-24 03:32:07.463201","CONCENTRIX_SatishChowdary.Goli@maruti.co.in","","crm@maruti.co.in,gaurav.singal@maruti.co.in,sandeep.behera@maruti.co.in","2","1","460",True
"62","3","5","1","Second Level","3","Second Level escalation for New True Value True Value Complaint ref. no {{caseNumber}}","msilcomplaints.noreply@maruti.co.in","TRUE VALUE@ZH-TV","TRUE VALUE@SNP-HEAD,TRUE VALUE@SLP-HEAD,TRUE VALUE@RM-TV,TRUE VALUE@SNP-CO,TRUE VALUE@TM-TV,TRUE VALUE@CEO,TRUE VALUE@TVM,TRUE VALUE@CCM,TRUE VALUE@DSE","2023-06-26 14:16:38.763506","admin","2025-08-04 12:01:21.823388","CONCENTRIX_SatishChowdary.Goli@maruti.co.in","","",NULL,"2","19",True
"52","1","2","2","First Level","3","First Level escalation for Repeat Arena Service Complaint ref. no {{caseNumber}}","msilcomplaints.noreply@maruti.co.in","SERVICE@RSM","SERVICE@CEO,SERVICE@GM,SERVICE@WM,SERVICE@TSM,SERVICE@ZSH,SERVICE@TSDEC,SERVICE@DPM,SERVICE@SM,SERVICE@CC,SERVICE@DPO-VESM","2023-06-26 14:16:38.763506","admin","2024-05-16 14:41:26.230163",NULL,"","",NULL,"1","464",True
"138","2","1","2","First Level","2","First Level escalation for Repeat Nexa Sales Complaint ref. no {{caseNumber}}","msilcomplaints.noreply@maruti.co.in","SALES@CBH","SALES@TSM,SALES@GM,SALES@CRM-HEAD,SALES@SNP-CO,SALES@RM,SALES@SM,SALES@QCM,SALES@CEO,SALES@CRMC,SALES@SNP-DVH","2023-11-29 07:44:15.567792","admin","2024-05-16 14:41:26.230163",NULL,"","crm@maruti.co.in","1","1","460",True
"36","4","1","2","First Level","2","First Level escalation for Repeat Commercial Sales Complaint ref. no {{caseNumber}}","msilcomplaints.noreply@maruti.co.in","SALES@ZH","SALES@TSM,SALES@GM,SALES@CEO,SALES@DPM-COMS,SALES@DVM,SALES@COH,SALES@CC-INCHARGE","2023-06-26 14:16:38.763506","admin","2024-05-16 14:41:26.230163",NULL,"","crm@maruti.co.in",NULL,"1","460",True
"152","4","1","2","First Level","2","First Level escalation for Repeat Commercial Sales Complaint ref. no {{caseNumber}}","msilcomplaints.noreply@maruti.co.in","SALES@ZH","SALES@TSM,SALES@GM,SALES@CEO,SALES@DPM-COMS,SALES@DVM,SALES@COH,SALES@CC-INCHARGE","2023-11-29 07:44:15.567792","admin","2024-05-16 14:41:26.230163",NULL,"","crm@maruti.co.in","1","1","460",True
"180","2","1","2","First Level","2","First Level escalation for Repeat Nexa Sales Complaint ref. no {{caseNumber}}","msilcomplaints.noreply@maruti.co.in","SALES@CBH","SALES@TSM,SALES@GM,SALES@CRM-HEAD,SALES@SNP-CO,SALES@RM,SALES@SM,SALES@QCM,SALES@CEO,SALES@CRMC,SALES@SNP-DVH","2023-11-29 07:46:27.604878","admin","2024-05-16 14:41:26.230163",NULL,"","crm@maruti.co.in","2","1","460",True
"65","3","5","2","Second Level","3","Second Level escalation for Repeat True Value True Value Complaint ref. no {{caseNumber}}","msilcomplaints.noreply@maruti.co.in","TRUE VALUE@ZH-TV","TRUE VALUE@SNP-HEAD,TRUE VALUE@SLP-HEAD,TRUE VALUE@RM-TV,TRUE VALUE@SNP-CO,TRUE VALUE@TM-TV,TRUE VALUE@CEO,TRUE VALUE@TVM,TRUE VALUE@CCM,TRUE VALUE@DSE","2023-06-26 14:16:38.763506","admin","2025-08-04 12:01:48.603848","CONCENTRIX_SatishChowdary.Goli@maruti.co.in","","",NULL,"2","472",True
"59","4","2","2","Second Level","5","Second Level escalation for Repeat Commercial Service Complaint ref. no {{caseNumber}}","msilcomplaints.noreply@maruti.co.in","SERVICE@ZSH,SERVICE@DPM,SERVICE@DPO-VESM","SERVICE@CEO,SERVICE@GM,SERVICE@WM,SERVICE@TSM,SERVICE@RSM,SERVICE@CC,SERVICE@TSDEC,SERVICE@CH,SERVICE@DDVM","2023-06-26 14:16:38.763506","admin","2024-05-16 14:41:26.230163",NULL,"","",NULL,"2","474",True
"56","2","2","2","Second Level","5","Second Level escalation for Repeat Nexa Service Complaint ref. no {{caseNumber}}","msilcomplaints.noreply@maruti.co.in","SERVICE@ZSH,SERVICE@DPM,SERVICE@DPO-VESM","SERVICE@CEO,SERVICE@GM,SERVICE@WM,SERVICE@TSM,SERVICE@RSM,SERVICE@CC,SERVICE@TSDEC,SERVICE@CH,SERVICE@DDVM","2023-06-26 14:16:38.763506","admin","2024-05-16 14:41:26.230163",NULL,"","",NULL,"2","474",True
"53","1","2","2","Second Level","5","Second Level escalation for Repeat Arena Service Complaint ref. no {{caseNumber}}","msilcomplaints.noreply@maruti.co.in","SERVICE@ZSH,SERVICE@DPM,SERVICE@DPO-VESM","SERVICE@CEO,SERVICE@GM,SERVICE@WM,SERVICE@TSM,SERVICE@RSM,SERVICE@CC,SERVICE@TSDEC,SERVICE@CH,SERVICE@DDVM","2023-06-26 14:16:38.763506","admin","2024-05-16 14:41:26.230163",NULL,"","",NULL,"2","474",True
"88","2","3","2","Second Level","5","Second Level escalation for Repeat Nexa Accessories Complaint ref. no {{caseNumber}}","msilcomplaints.noreply@maruti.co.in","ACCESSORIES@ZAM","SALES@SNP-CO,ACCESSORIES@AM(PACCLS),SALES@SM,SALES@CCM,ACCESSORIES@TAM,SALES@CRMC,ACCESSORIES@MGR(ACC),ACCESSORIES@RAM,SALES@GM","2023-06-26 14:16:38.763506","admin","2024-05-16 14:41:26.230163",NULL,"","",NULL,"2","467",True
"49","4","2","1","First Level","3","First Level escalation for New Commercial Service Complaint ref. no {{caseNumber}}","msilcomplaints.noreply@maruti.co.in","SERVICE@RSM","SERVICE@CEO,SERVICE@GM,SERVICE@WM,SERVICE@TSM,SERVICE@ZSH,SERVICE@TSDEC,SERVICE@DPM,SERVICE@SM,SERVICE@CC,SERVICE@DPO-VESM","2023-06-26 14:16:38.763506","admin","2024-05-16 14:41:26.230163",NULL,"","",NULL,"1","9",True
"179","2","1","2","Second Level","3","Second Level escalation for Repeat Nexa Sales Complaint ref. no {{caseNumber}}","msilcomplaints.noreply@maruti.co.in","SALES@CCO","SALES@RM,SALES@CBH,SALES@CRMC,SALES@SNP-CO,SALES@GM,SALES@QCM,SALES@SM,SALES@CEO,SALES@DVH-MKT3,SALES@TSM,SALES@SNP-DVH,SALES@CRM-HEAD,SALES@DDVM-SNP,SALES@DVM-SNP","2023-11-29 07:46:27.604878","admin","2025-06-18 14:55:36.146203","CONCENTRIX_SatishChowdary.Goli@maruti.co.in","","crm@maruti.co.in","2","2","466",True
"63","3","5","1","Third Level","4","Third Level escalation for New True Value True Value Complaint ref. no {{caseNumber}}","msilcomplaints.noreply@maruti.co.in","TRUE VALUE@TVCH,TRUE VALUE@DDVM-DD2SP","TRUE VALUE@SNP-HEAD,TRUE VALUE@SLP-HEAD,TRUE VALUE@ZH-TV,TRUE VALUE@RM-TV,TRUE VALUE@SNP-CO,TRUE VALUE@TM-TV,TRUE VALUE@CEO,TRUE VALUE@TVM,TRUE VALUE@CCM,TRUE VALUE@DSE","2023-06-26 14:16:38.763506","admin","2025-08-04 12:02:56.041587","CONCENTRIX_SatishChowdary.Goli@maruti.co.in","","",NULL,"3","22",True
"68","1","3","1","Second Level","5","Second Level escalation for New Arena Accessories Complaint ref. no {{caseNumber}}","msilcomplaints.noreply@maruti.co.in","ACCESSORIES@ZAM","SALES@SNP-CO,ACCESSORIES@AM(PACCLS),SALES@SM,SALES@CCM,ACCESSORIES@TAM,SALES@CRMC,ACCESSORIES@MGR(ACC),ACCESSORIES@RAM,SALES@GM","2023-06-26 14:16:38.763506","admin","2024-05-16 14:41:26.230163",NULL,"","",NULL,"2","12",True
"84","1","3","2","Second Level","5","Second Level escalation for Repeat Arena Accessories Complaint ref. no {{caseNumber}}","msilcomplaints.noreply@maruti.co.in","ACCESSORIES@ZAM","SALES@SNP-CO,ACCESSORIES@AM(PACCLS),SALES@SM,SALES@CCM,ACCESSORIES@TAM,SALES@CRMC,ACCESSORIES@MGR(ACC),ACCESSORIES@RAM,SALES@GM","2023-06-26 14:16:38.763506","admin","2024-05-16 14:41:26.230163",NULL,"","",NULL,"2","467",True
"80","4","3","1","Second Level","5","Second Level escalation for New Commercial Accessories Complaint ref. no {{caseNumber}}","msilcomplaints.noreply@maruti.co.in","ACCESSORIES@ZAM","SALES@SNP-CO,ACCESSORIES@AM(PACCLS),SALES@SM,SALES@CCM,ACCESSORIES@TAM,SALES@CRMC,ACCESSORIES@MGR(ACC),ACCESSORIES@RAM,SALES@GM","2023-06-26 14:16:38.763506","admin","2024-05-16 14:41:26.230163",NULL,"","",NULL,"2","12",True
"174","2","1","1","Second Level","3","Second Level escalation for New Nexa Sales Complaint ref. no {{caseNumber}}","msilcomplaints.noreply@maruti.co.in","SALES@CBH","SALES@TSM,SALES@GM,SALES@CRM-HEAD,SALES@SNP-CO,SALES@RM,SALES@SM,SALES@QCM,SALES@CEO,SALES@CRMC,SALES@SNP-DVH","2023-11-29 07:46:27.604878","admin","2024-05-16 14:41:26.230163",NULL,"","crm@maruti.co.in","2","2","12",True
"72","2","3","1","Second Level","5","Second Level escalation for New Nexa Accessories Complaint ref. no {{caseNumber}}","msilcomplaints.noreply@maruti.co.in","ACCESSORIES@ZAM","SALES@SNP-CO,ACCESSORIES@AM(PACCLS),SALES@SM,SALES@CCM,ACCESSORIES@TAM,SALES@CRMC,ACCESSORIES@MGR(ACC),ACCESSORIES@RAM,SALES@GM","2023-06-26 14:16:38.763506","admin","2024-05-16 14:41:26.230163",NULL,"","",NULL,"2","12",True
"69","1","3","1","Third Level","7","Third Level escalation for New Arena Accessories Complaint ref. no {{caseNumber}}","msilcomplaints.noreply@maruti.co.in","ACCESSORIES@ZAM","SALES@SNP-CO,ACCESSORIES@AM(PACCLS),SALES@SM,SALES@CCM,ACCESSORIES@TAM,SALES@CRMC,ACCESSORIES@MGR(ACC),ACCESSORIES@RAM,SALES@GM","2023-06-26 14:16:38.763506","admin","2024-05-16 14:41:26.230163",NULL,"","",NULL,"3","14",True
"81","4","3","1","Third Level","7","Third Level escalation for New Commercial Accessories Complaint ref. no {{caseNumber}}","msilcomplaints.noreply@maruti.co.in","ACCESSORIES@ZAM","SALES@SNP-CO,ACCESSORIES@AM(PACCLS),SALES@SM,SALES@CCM,ACCESSORIES@TAM,SALES@CRMC,ACCESSORIES@MGR(ACC),ACCESSORIES@RAM,SALES@GM","2023-06-26 14:16:38.763506","admin","2024-05-16 14:41:26.230163",NULL,"","",NULL,"3","14",True
"96","4","3","2","Second Level","5","Second Level escalation for Repeat Commercial Accessories Complaint ref. no {{caseNumber}}","msilcomplaints.noreply@maruti.co.in","ACCESSORIES@ZAM","SALES@SNP-CO,ACCESSORIES@AM(PACCLS),SALES@SM,SALES@CCM,ACCESSORIES@TAM,SALES@CRMC,ACCESSORIES@MGR(ACC),ACCESSORIES@RAM,SALES@GM","2023-06-26 14:16:38.763506","admin","2024-05-16 14:41:26.230163",NULL,"","",NULL,"2","467",True
"61","3","5","1","First Level","2","First Level escalation for New True Value True Value Complaint ref. no {{caseNumber}}","msilcomplaints.noreply@maruti.co.in","TRUE VALUE@RM-TV","TRUE VALUE@SNP-HEAD,TRUE VALUE@SLP-HEAD,TRUE VALUE@ZH-TV,TRUE VALUE@SNP-CO,TRUE VALUE@TM-TV,TRUE VALUE@CEO,TRUE VALUE@TVM,TRUE VALUE@CCM,TRUE VALUE@DSE","2023-06-26 14:16:38.763506","admin","2025-08-04 11:59:32.957597","CONCENTRIX_SatishChowdary.Goli@maruti.co.in","","",NULL,"1","7",True
"85","1","3","2","Third Level","7","Third Level escalation for Repeat Arena Accessories Complaint ref. no {{caseNumber}}","msilcomplaints.noreply@maruti.co.in","ACCESSORIES@ZAM","SALES@SNP-CO,ACCESSORIES@AM(PACCLS),SALES@SM,SALES@CCM,ACCESSORIES@TAM,SALES@CRMC,ACCESSORIES@MGR(ACC),ACCESSORIES@RAM,SALES@GM","2023-06-26 14:16:38.763506","admin","2024-05-16 14:41:26.230163",NULL,"","",NULL,"3","469",True
"64","3","5","2","First Level","2","First Level escalation for Repeat True Value True Value Complaint ref. no {{caseNumber}}","msilcomplaints.noreply@maruti.co.in","TRUE VALUE@RM-TV","TRUE VALUE@SNP-HEAD,TRUE VALUE@SLP-HEAD,TRUE VALUE@ZH-TV,TRUE VALUE@SNP-CO,TRUE VALUE@TM-TV,TRUE VALUE@CEO,TRUE VALUE@TVM,TRUE VALUE@CCM,TRUE VALUE@DSE","2023-06-26 14:16:38.763506","admin","2025-08-04 12:00:31.508438","CONCENTRIX_SatishChowdary.Goli@maruti.co.in","","",NULL,"1","463",True
"66","3","5","2","Third Level","4","Third Level escalation for Repeat True Value True Value Complaint ref. no {{caseNumber}}","msilcomplaints.noreply@maruti.co.in","TRUE VALUE@TVCH,TRUE VALUE@DDVM-DD2SP","TRUE VALUE@SNP-HEAD,TRUE VALUE@SLP-HEAD,TRUE VALUE@ZH-TV,TRUE VALUE@RM-TV,TRUE VALUE@SNP-CO,TRUE VALUE@TM-TV,TRUE VALUE@CEO,TRUE VALUE@TVM,TRUE VALUE@CCM,TRUE VALUE@DSE","2023-06-26 14:16:38.763506","admin","2025-08-04 12:03:25.135909","CONCENTRIX_SatishChowdary.Goli@maruti.co.in","","",NULL,"3","473",True
"98","4","3","2","Fourth Level","9","Fourth Level escalation for Repeat Commercial Accessories Complaint ref. no {{caseNumber}}","msilcomplaints.noreply@maruti.co.in","ACCESSORIES@ZAM","SALES@SNP-CO,ACCESSORIES@AM(PACCLS),SALES@SM,SALES@CCM,ACCESSORIES@TAM,SALES@CRMC,ACCESSORIES@MGR(ACC),ACCESSORIES@RAM,SALES@GM","2023-06-26 14:16:38.763506","admin","2024-05-16 14:41:26.230163",NULL,"","",NULL,"4","476",True
"90","2","3","2","Fourth Level","9","Fourth Level escalation for Repeat Nexa Accessories Complaint ref. no {{caseNumber}}","msilcomplaints.noreply@maruti.co.in","ACCESSORIES@ZAM","SALES@SNP-CO,ACCESSORIES@AM(PACCLS),SALES@SM,SALES@CCM,ACCESSORIES@TAM,SALES@CRMC,ACCESSORIES@MGR(ACC),ACCESSORIES@RAM,SALES@GM","2023-06-26 14:16:38.763506","admin","2024-05-16 14:41:26.230163",NULL,"","",NULL,"4","476",True
"91","3","3","2","First Level","2","First Level escalation for Repeat True Value Accessories Complaint ref. no {{caseNumber}}","msilcomplaints.noreply@maruti.co.in","ACCESSORIES@TAM,ACCESSORIES@RAM","TRUE VALUE@CCM,TRUE VALUE@CEO,ACCESSORIES@AM(PACCLS),TRUE VALUE@SNP-CO,TRUE VALUE@TVM,ACCESSORIES@MGR(ACC),ACCESSORIES@ZAM","2023-06-26 14:16:38.763506","admin","2024-05-16 14:41:26.230163",NULL,"","",NULL,"1","465",True
"43","1","2","1","First Level","3","First Level escalation for New Arena Service Complaint ref. no {{caseNumber}}","msilcomplaints.noreply@maruti.co.in","SERVICE@RSM","SERVICE@CEO,SERVICE@GM,SERVICE@WM,SERVICE@TSM,SERVICE@ZSH,SERVICE@TSDEC,SERVICE@DPM,SERVICE@SM,SERVICE@CC,SERVICE@DPO-VESM","2023-06-26 14:16:38.763506","admin","2024-05-16 14:41:26.230163",NULL,"","",NULL,"1","9",True
"75","3","3","1","First Level","2","First Level escalation for New True Value Accessories Complaint ref. no {{caseNumber}}","msilcomplaints.noreply@maruti.co.in","ACCESSORIES@TAM,ACCESSORIES@RAM","TRUE VALUE@CCM,TRUE VALUE@CEO,ACCESSORIES@AM(PACCLS),TRUE VALUE@SNP-CO,TRUE VALUE@TVM,ACCESSORIES@MGR(ACC),ACCESSORIES@ZAM","2023-06-26 14:16:38.763506","admin","2024-05-16 14:41:26.230163",NULL,"","",NULL,"1","10",True
"71","2","3","1","First Level","2","First Level escalation for New Nexa Accessories Complaint ref. no {{caseNumber}}","msilcomplaints.noreply@maruti.co.in","ACCESSORIES@TAM,ACCESSORIES@RAM","SALES@SNP-CO,ACCESSORIES@AM(PACCLS),SALES@SM,SALES@CCM,SALES@CRMC,ACCESSORIES@MGR(ACC),ACCESSORIES@ZAM,SALES@GM","2023-06-26 14:16:38.763506","admin","2024-05-16 14:41:26.230163",NULL,"","",NULL,"1","10",True
"95","4","3","2","First Level","2","First Level escalation for Repeat Commercial Accessories Complaint ref. no {{caseNumber}}","msilcomplaints.noreply@maruti.co.in","ACCESSORIES@TAM,ACCESSORIES@RAM","SALES@SNP-CO,ACCESSORIES@AM(PACCLS),SALES@SM,SALES@CCM,SALES@CRMC,ACCESSORIES@MGR(ACC),ACCESSORIES@ZAM,SALES@GM","2023-06-26 14:16:38.763506","admin","2024-05-16 14:41:26.230163",NULL,"","",NULL,"1","465",True
"58","4","2","2","First Level","3","First Level escalation for Repeat Commercial Service Complaint ref. no {{caseNumber}}","msilcomplaints.noreply@maruti.co.in","SERVICE@RSM","SERVICE@CEO,SERVICE@GM,SERVICE@WM,SERVICE@TSM,SERVICE@ZSH,SERVICE@TSDEC,SERVICE@DPM,SERVICE@SM,SERVICE@CC,SERVICE@DPO-VESM","2023-06-26 14:16:38.763506","admin","2024-05-16 14:41:26.230163",NULL,"","",NULL,"1","464",True
"55","2","2","2","First Level","3","First Level escalation for Repeat Nexa Service Complaint ref. no {{caseNumber}}","msilcomplaints.noreply@maruti.co.in","SERVICE@RSM","SERVICE@CEO,SERVICE@GM,SERVICE@WM,SERVICE@TSM,SERVICE@ZSH,SERVICE@TSDEC,SERVICE@DPM,SERVICE@SM,SERVICE@CC,SERVICE@DPO-VESM","2023-06-26 14:16:38.763506","admin","2024-05-16 14:41:26.230163",NULL,"","",NULL,"1","464",True
"79","4","3","1","First Level","2","First Level escalation for New Commercial Accessories Complaint ref. no {{caseNumber}}","msilcomplaints.noreply@maruti.co.in","ACCESSORIES@TAM,ACCESSORIES@RAM","SALES@SNP-CO,ACCESSORIES@AM(PACCLS),SALES@SM,SALES@CCM,SALES@CRMC,ACCESSORIES@MGR(ACC),ACCESSORIES@ZAM,SALES@GM","2023-06-26 14:16:38.763506","admin","2024-05-16 14:41:26.230163",NULL,"","",NULL,"1","10",True
"109","2","4","2","Second Level","5","Second Level escalation for Repeat Nexa Suzuki Connect Gen 2 Product Complaint Number {{caseNumber}} which is registered on {{caseCreationDate}}","msilcomplaints.noreply@maruti.co.in","SUZUKI CONNECT@DPM(SETE)@GEN2","SUZUKI CONNECT@SMGR(SETE)@GEN2,SUZUKI CONNECT@MGR(CRM-1)@GEN2,SUZUKI CONNECT@SMGR(CRM-1)@GEN2,SUZUKI CONNECT@SFMGR1(CRM1)@GEN2","2023-06-26 14:16:38.763506","admin","2024-05-16 14:41:26.230163",NULL,"","GEN2_Suzuki_Connect@maruti.co.in,SC_Nexa@nexaexperience.com","2","2","468",True
"106","1","4","2","Second Level","5","Second Level escalation for Repeat Arena Suzuki Connect Gen 2 Product Complaint Number {{caseNumber}} which is registered on {{caseCreationDate}}","msilcomplaints.noreply@maruti.co.in","SUZUKI CONNECT@DPM(SETE)@GEN2","SUZUKI CONNECT@SMGR(SETE)@GEN2,SUZUKI CONNECT@MGR(CRM-1)@GEN2,SUZUKI CONNECT@SMGR(CRM-1)@GEN2,SUZUKI CONNECT@SFMGR1(CRM1)@GEN2","2023-06-26 14:16:38.763506","admin","2024-05-16 14:41:26.230163",NULL,"","GEN2_Suzuki_Connect@maruti.co.in,SC_Nexa@nexaexperience.com","2","2","468",True
"101","1","4","1","Third Level","10","Third Level escalation for New Arena Suzuki Connect Gen 2 Product Complaint Number {{caseNumber}} which is registered on {{caseCreationDate}}","msilcomplaints.noreply@maruti.co.in","SUZUKI CONNECT@DVM(ASTS)@GEN2","SUZUKI CONNECT@SMGR(SETE)@GEN2,SUZUKI CONNECT@MGR(CRM-1)@GEN2,SUZUKI CONNECT@SMGR(CRM-1)@GEN2,SUZUKI CONNECT@SFMGR1(CRM1)@GEN2,SUZUKI CONNECT@DPM(SETE)@GEN2","2023-06-26 14:16:38.763506","admin",NULL,NULL,"","GEN2_Suzuki_Connect@maruti.co.in,SC_Nexa@nexaexperience.com","2","3","21",True
"100","1","4","1","Second Level","5","Second Level escalation for New Arena Suzuki Connect Gen 2 Product Complaint Number {{caseNumber}} which is registered on {{caseCreationDate}}","msilcomplaints.noreply@maruti.co.in","SUZUKI CONNECT@DPM(SETE)@GEN2","SUZUKI CONNECT@SMGR(SETE)@GEN2,SUZUKI CONNECT@MGR(CRM-1)@GEN2,SUZUKI CONNECT@SMGR(CRM-1)@GEN2,SUZUKI CONNECT@SFMGR1(CRM1)@GEN2","2023-06-26 14:16:38.763506","admin",NULL,NULL,"","GEN2_Suzuki_Connect@maruti.co.in,SC_Nexa@nexaexperience.com","2","2","29",True
"103","2","4","1","Second Level","5","Second Level escalation for New Nexa Suzuki Connect Gen 2 Product Complaint Number {{caseNumber}} which is registered on {{caseCreationDate}}","msilcomplaints.noreply@maruti.co.in","SUZUKI CONNECT@DPM(SETE)@GEN2","SUZUKI CONNECT@SMGR(SETE)@GEN2,SUZUKI CONNECT@MGR(CRM-1)@GEN2,SUZUKI CONNECT@SMGR(CRM-1)@GEN2,SUZUKI CONNECT@SFMGR1(CRM1)@GEN2","2023-06-26 14:16:38.763506","admin",NULL,NULL,"","GEN2_Suzuki_Connect@maruti.co.in,SC_Nexa@nexaexperience.com","2","2","29",True
"110","2","4","2","Third Level","10","Third Level escalation for Repeat Nexa Suzuki Connect Gen 2 Product Complaint Number {{caseNumber}} which is registered on {{caseCreationDate}}","msilcomplaints.noreply@maruti.co.in","SUZUKI CONNECT@DVM(ASTS)@GEN2","SUZUKI CONNECT@SMGR(SETE)@GEN2,SUZUKI CONNECT@MGR(CRM-1)@GEN2,SUZUKI CONNECT@SMGR(CRM-1)@GEN2,SUZUKI CONNECT@SFMGR1(CRM1)@GEN2,SUZUKI CONNECT@DPM(SETE)@GEN2","2023-06-26 14:16:38.763506","admin","2024-05-16 14:41:26.230163",NULL,"","GEN2_Suzuki_Connect@maruti.co.in,SC_Nexa@nexaexperience.com","2","3","478",True
"46","2","2","1","First Level","3","First Level escalation for New Nexa Service Complaint ref. no {{caseNumber}}","msilcomplaints.noreply@maruti.co.in","SERVICE@RSM","SERVICE@CEO,SERVICE@GM,SERVICE@WM,SERVICE@TSM,SERVICE@ZSH,SERVICE@TSDEC,SERVICE@DPM,SERVICE@SM,SERVICE@CC,SERVICE@DPO-VESM","2023-06-26 14:16:38.763506","admin","2024-05-16 14:41:26.230163",NULL,"","",NULL,"1","9",True
"15","2","1","1","First Level","2","First Level escalation for New Nexa Sales Complaint ref. no {{caseNumber}}","msilcomplaints.noreply@maruti.co.in","SALES@RM","SALES@CBH,SALES@CRMC,SALES@SNP-CO,SALES@GM,SALES@QCM,SALES@SM,SALES@CEO,SALES@SNP-DVH,SALES@TSM,SALES@CRM-HEAD","2023-06-26 14:16:38.763506","admin","2024-05-16 14:41:26.230163",NULL,"","crm@maruti.co.in",NULL,"1","10",True
"192","4","1","1","First Level","2","First Level escalation for New Commercial Sales Complaint ref. no {{caseNumber}}","msilcomplaints.noreply@maruti.co.in","SALES@ZH","SALES@TSM,SALES@GM,SALES@CEO,SALES@DPM-COMS,SALES@DVM,SALES@COH,SALES@CC-INCHARGE","2023-11-29 07:46:27.604878","admin","2024-05-16 14:41:26.230163",NULL,"","crm@maruti.co.in","2","1","10",True
"67","1","3","1","First Level","2","First Level escalation for New Arena Accessories Complaint ref. no {{caseNumber}}","msilcomplaints.noreply@maruti.co.in","ACCESSORIES@TAM,ACCESSORIES@RAM","SALES@SNP-CO,ACCESSORIES@AM(PACCLS),SALES@SM,SALES@CCM,SALES@CRMC,ACCESSORIES@MGR(ACC),ACCESSORIES@ZAM,SALES@GM","2023-06-26 14:16:38.763506","admin","2024-05-16 14:41:26.230163",NULL,"","",NULL,"1","10",True
"133","2","1","1","First Level","2","First Level escalation for New Nexa Sales Complaint ref. no {{caseNumber}}","msilcomplaints.noreply@maruti.co.in","SALES@RM","SALES@CBH,SALES@CRMC,SALES@SNP-CO,SALES@GM,SALES@QCM,SALES@SM,SALES@CEO,SALES@SNP-DVH,SALES@TSM,SALES@CRM-HEAD","2023-11-29 07:44:15.567792","admin","2024-05-16 14:41:26.230163",NULL,"","crm@maruti.co.in","1","1","10",True
"8","4","1","1","First Level","2","First Level escalation for New Commercial Sales Complaint ref. no {{caseNumber}}","msilcomplaints.noreply@maruti.co.in","SALES@ZH","SALES@TSM,SALES@GM,SALES@CEO,SALES@DPM-COMS,SALES@DVM,SALES@COH,SALES@CC-INCHARGE","2023-06-26 14:16:38.763506","admin","2024-05-16 14:41:26.230163",NULL,"","crm@maruti.co.in",NULL,"1","10",True
"150","4","1","1","First Level","2","First Level escalation for New Commercial Sales Complaint ref. no {{caseNumber}}","msilcomplaints.noreply@maruti.co.in","SALES@ZH","SALES@TSM,SALES@GM,SALES@CEO,SALES@DPM-COMS,SALES@DVM,SALES@COH,SALES@CC-INCHARGE","2023-11-29 07:44:15.567792","admin","2024-05-16 14:41:26.230163",NULL,"","crm@maruti.co.in","1","1","10",True
"175","2","1","1","First Level","2","First Level escalation for New Nexa Sales Complaint ref. no {{caseNumber}}","msilcomplaints.noreply@maruti.co.in","SALES@RM","SALES@CBH,SALES@CRMC,SALES@SNP-CO,SALES@GM,SALES@QCM,SALES@SM,SALES@CEO,SALES@SNP-DVH,SALES@TSM,SALES@CRM-HEAD","2023-11-29 07:46:27.604878","admin","2024-05-16 14:41:26.230163",NULL,"","crm@maruti.co.in","2","1","10",True
"124","1","1","1","First Level","2","First Level escalation for New Arena Sales Complaint ref. no {{caseNumber}}","msilcomplaints.noreply@maruti.co.in","SALES@RM","SALES@CBH,SALES@CRMC,SALES@SNP-CO,SALES@GM,SALES@QCM,SALES@SM,SALES@CEO,SALES@SNP-DVH,SALES@TSM,SALES@CRM-HEAD","2023-11-29 07:44:15.567792","admin","2025-06-24 03:32:43.722236","CONCENTRIX_SatishChowdary.Goli@maruti.co.in","","crm@maruti.co.in,gaurav.singal@maruti.co.in,sandeep.behera@maruti.co.in","1","1","10",True
"166","1","1","1","First Level","2","First Level escalation for New Arena Sales Complaint ref. no {{caseNumber}}","msilcomplaints.noreply@maruti.co.in","SALES@RM","SALES@CBH,SALES@CRMC,SALES@SNP-CO,SALES@GM,SALES@QCM,SALES@SM,SALES@CEO,SALES@SNP-DVH,SALES@TSM,SALES@CRM-HEAD","2023-11-29 07:46:27.604878","admin","2025-06-24 03:33:03.888135","CONCENTRIX_SatishChowdary.Goli@maruti.co.in","","crm@maruti.co.in,sandeep.behera@maruti.co.in,gaurav.singal@maruti.co.in","2","1","10",True
"191","4","1","1","Second Level","3","Second Level escalation for New Commercial Sales Complaint ref. no {{caseNumber}}","msilcomplaints.noreply@maruti.co.in","SALES@ZH","SALES@TSM,SALES@GM,SALES@CEO,SALES@DPM-COMS,SALES@DVM,SALES@COH,SALES@CC-INCHARGE","2023-11-29 07:46:27.604878","admin","2024-05-16 14:41:26.230163",NULL,"","crm@maruti.co.in","2","2","12",True
"9","4","1","1","Second Level","3","Second Level escalation for New Commercial Sales Complaint ref. no {{caseNumber}}","msilcomplaints.noreply@maruti.co.in","SALES@ZH","SALES@TSM,SALES@GM,SALES@CEO,SALES@DPM-COMS,SALES@DVM,SALES@COH,SALES@CC-INCHARGE","2023-06-26 14:16:38.763506","admin","2024-05-16 14:41:26.230163",NULL,"","crm@maruti.co.in",NULL,"2","12",True
"149","4","1","1","Second Level","3","Second Level escalation for New Commercial Sales Complaint ref. no {{caseNumber}}","msilcomplaints.noreply@maruti.co.in","SALES@ZH","SALES@TSM,SALES@GM,SALES@CEO,SALES@DPM-COMS,SALES@DVM,SALES@COH,SALES@CC-INCHARGE","2023-11-29 07:44:15.567792","admin","2024-05-16 14:41:26.230163",NULL,"","crm@maruti.co.in","1","2","12",True
"16","2","1","1","Second Level","3","Second Level escalation for New Nexa Sales Complaint ref. no {{caseNumber}}","msilcomplaints.noreply@maruti.co.in","SALES@CBH","SALES@TSM,SALES@GM,SALES@CRM-HEAD,SALES@SNP-CO,SALES@RM,SALES@SM,SALES@QCM,SALES@CEO,SALES@CRMC,SALES@SNP-DVH","2023-06-26 14:16:38.763506","admin","2024-05-16 14:41:26.230163",NULL,"","crm@maruti.co.in",NULL,"2","12",True
"132","2","1","1","Second Level","3","Second Level escalation for New Nexa Sales Complaint ref. no {{caseNumber}}","msilcomplaints.noreply@maruti.co.in","SALES@CBH","SALES@TSM,SALES@GM,SALES@CRM-HEAD,SALES@SNP-CO,SALES@RM,SALES@SM,SALES@QCM,SALES@CEO,SALES@CRMC,SALES@SNP-DVH","2023-11-29 07:44:15.567792","admin","2024-05-16 14:41:26.230163",NULL,"","crm@maruti.co.in","1","2","12",True
"2","1","1","1","Second Level","3","Second Level escalation for New Arena Sales Complaint ref. no {{caseNumber}}","msilcomplaints.noreply@maruti.co.in","SALES@CBH","SALES@TSM,SALES@GM,SALES@CRM-HEAD,SALES@SNP-CO,SALES@RM,SALES@SM,SALES@QCM,SALES@CEO,SALES@CRMC,SALES@SNP-DVH","2023-06-26 14:16:38.763506","admin","2025-06-24 03:34:42.427173","CONCENTRIX_SatishChowdary.Goli@maruti.co.in","","crm@maruti.co.in,gaurav.singal@maruti.co.in,sandeep.behera@maruti.co.in",NULL,"2","12",True
"10","4","1","1","Third Level","4","Third Level escalation for New Commercial Sales Complaint ref. no {{caseNumber}}","msilcomplaints.noreply@maruti.co.in","SALES@DVM","SALES@ZH,SALES@TSM,SALES@GM,SALES@CEO,SALES@DPM-COMS,SALES@COH,SALES@CC-INCHARGE","2023-06-26 14:16:38.763506","admin","2024-05-16 14:41:26.230163",NULL,"","crm@maruti.co.in",NULL,"3","14",True
"73","2","3","1","Third Level","7","Third Level escalation for New Nexa Accessories Complaint ref. no {{caseNumber}}","msilcomplaints.noreply@maruti.co.in","ACCESSORIES@ZAM","SALES@SNP-CO,ACCESSORIES@AM(PACCLS),SALES@SM,SALES@CCM,ACCESSORIES@TAM,SALES@CRMC,ACCESSORIES@MGR(ACC),ACCESSORIES@RAM,SALES@GM","2023-06-26 14:16:38.763506","admin","2024-05-16 14:41:26.230163",NULL,"","",NULL,"3","14",True
"77","3","3","1","Third Level","7","Third Level escalation for New True Value Accessories Complaint ref. no {{caseNumber}}","msilcomplaints.noreply@maruti.co.in","ACCESSORIES@ZAM","TRUE VALUE@CCM,TRUE VALUE@CEO,ACCESSORIES@AM(PACCLS),TRUE VALUE@SNP-CO,TRUE VALUE@TVM,ACCESSORIES@TAM,ACCESSORIES@MGR(ACC),ACCESSORIES@RAM","2023-06-26 14:16:38.763506","admin","2024-05-16 14:41:26.230163",NULL,"","",NULL,"3","14",True
"123","1","1","1","Second Level","3","Second Level escalation for New Arena Sales Complaint ref. no {{caseNumber}}","msilcomplaints.noreply@maruti.co.in","SALES@CBH","SALES@TSM,SALES@GM,SALES@CRM-HEAD,SALES@SNP-CO,SALES@RM,SALES@SM,SALES@QCM,SALES@CEO,SALES@CRMC,SALES@SNP-DVH","2023-11-29 07:44:15.567792","admin","2025-06-24 03:35:03.365028","CONCENTRIX_SatishChowdary.Goli@maruti.co.in","","crm@maruti.co.in,sandeep.behera@maruti.co.in,gaurav.singal@maruti.co.in","1","2","12",True
"44","1","2","1","Second Level","5","Second Level escalation for New Arena Service Complaint ref. no {{caseNumber}}","msilcomplaints.noreply@maruti.co.in","SERVICE@ZSH,SERVICE@DPM,SERVICE@DPO-VESM","SERVICE@CEO,SERVICE@GM,SERVICE@WM,SERVICE@TSM,SERVICE@RSM,SERVICE@CC,SERVICE@TSDEC,SERVICE@CH,SERVICE@DDVM","2023-06-26 14:16:38.763506","admin","2024-05-16 14:41:26.230163",NULL,"","",NULL,"2","25",True
"50","4","2","1","Second Level","5","Second Level escalation for New Commercial Service Complaint ref. no {{caseNumber}}","msilcomplaints.noreply@maruti.co.in","SERVICE@ZSH,SERVICE@DPM,SERVICE@DPO-VESM","SERVICE@CEO,SERVICE@GM,SERVICE@WM,SERVICE@TSM,SERVICE@RSM,SERVICE@CC,SERVICE@TSDEC,SERVICE@CH,SERVICE@DDVM","2023-06-26 14:16:38.763506","admin","2024-05-16 14:41:26.230163",NULL,"","",NULL,"2","25",True
"48","2","2","1","Third Level","7","Third Level escalation for New Nexa Service Complaint ref. no {{caseNumber}}","msilcomplaints.noreply@maruti.co.in","SERVICE@CH,SERVICE@DDVM","SERVICE@CEO,SERVICE@GM,SERVICE@WM,SERVICE@TSM,SERVICE@RSM,SERVICE@CC,SERVICE@ZSH,SERVICE@TSDEC,SERVICE@DPO-VESM,SERVICE@DPO","2023-06-26 14:16:38.763506","admin","2024-05-16 14:41:26.230163",NULL,"","",NULL,"3","26",True
"51","4","2","1","Third Level","7","Third Level escalation for New Commercial Service Complaint ref. no {{caseNumber}}","msilcomplaints.noreply@maruti.co.in","SERVICE@CH,SERVICE@DDVM","SERVICE@CEO,SERVICE@GM,SERVICE@WM,SERVICE@TSM,SERVICE@RSM,SERVICE@CC,SERVICE@ZSH,SERVICE@TSDEC,SERVICE@DPO-VESM,SERVICE@DPO","2023-06-26 14:16:38.763506","admin","2024-05-16 14:41:26.230163",NULL,"","",NULL,"3","26",True
"45","1","2","1","Third Level","7","Third Level escalation for New Arena Service Complaint ref. no {{caseNumber}}","msilcomplaints.noreply@maruti.co.in","SERVICE@CH,SERVICE@DDVM","SERVICE@CEO,SERVICE@GM,SERVICE@WM,SERVICE@TSM,SERVICE@RSM,SERVICE@CC,SERVICE@ZSH,SERVICE@TSDEC,SERVICE@DPO-VESM,SERVICE@DPO","2023-06-26 14:16:38.763506","admin","2024-05-16 14:41:26.230163",NULL,"","",NULL,"3","26",True
"70","1","3","1","Fourth Level","9","Fourth Level escalation for New Arena Accessories Complaint ref. no {{caseNumber}}","msilcomplaints.noreply@maruti.co.in","ACCESSORIES@ZAM","SALES@SNP-CO,ACCESSORIES@AM(PACCLS),SALES@SM,SALES@CCM,ACCESSORIES@TAM,SALES@CRMC,ACCESSORIES@MGR(ACC),ACCESSORIES@RAM,SALES@GM","2023-06-26 14:16:38.763506","admin","2024-05-16 14:41:26.230163",NULL,"","",NULL,"4","27",True
"165","1","1","1","Second Level","3","Second Level escalation for New Arena Sales Complaint ref. no {{caseNumber}}","msilcomplaints.noreply@maruti.co.in","SALES@CBH","SALES@TSM,SALES@GM,SALES@CRM-HEAD,SALES@SNP-CO,SALES@RM,SALES@SM,SALES@QCM,SALES@CEO,SALES@CRMC,SALES@SNP-DVH","2023-11-29 07:46:27.604878","admin","2025-06-24 03:35:24.360955","CONCENTRIX_SatishChowdary.Goli@maruti.co.in","","crm@maruti.co.in,gaurav.singal@maruti.co.in,sandeep.behera@maruti.co.in","2","2","12",True
"74","2","3","1","Fourth Level","9","Fourth Level escalation for New Nexa Accessories Complaint ref. no {{caseNumber}}","msilcomplaints.noreply@maruti.co.in","ACCESSORIES@ZAM","SALES@SNP-CO,ACCESSORIES@AM(PACCLS),SALES@SM,SALES@CCM,ACCESSORIES@TAM,SALES@CRMC,ACCESSORIES@MGR(ACC),ACCESSORIES@RAM,SALES@GM","2023-06-26 14:16:38.763506","admin","2024-05-16 14:41:26.230163",NULL,"","",NULL,"4","27",True
"78","3","3","1","Fourth Level","9","Fourth Level escalation for New True Value Accessories Complaint ref. no {{caseNumber}}","msilcomplaints.noreply@maruti.co.in","ACCESSORIES@ZAM","TRUE VALUE@CCM,TRUE VALUE@CEO,ACCESSORIES@AM(PACCLS),TRUE VALUE@SNP-CO,TRUE VALUE@TVM,ACCESSORIES@TAM,ACCESSORIES@MGR(ACC),ACCESSORIES@RAM","2023-06-26 14:16:38.763506","admin","2024-05-16 14:41:26.230163",NULL,"","",NULL,"4","27",True
"188","4","1","1","Fourth Level","5","Fourth Level escalation for New Commercial Sales Complaint ref. no {{caseNumber}}","msilcomplaints.noreply@maruti.co.in","SALES@DVM","SALES@ZH,SALES@TSM,SALES@GM,SALES@CEO,SALES@DPM-COMS,SALES@COH,SALES@CC-INCHARGE","2023-11-29 07:46:27.604878","admin","2024-05-16 14:41:26.230163",NULL,"","crm@maruti.co.in","2","4","27",True
"82","4","3","1","Fourth Level","9","Fourth Level escalation for New Commercial Accessories Complaint ref. no {{caseNumber}}","msilcomplaints.noreply@maruti.co.in","ACCESSORIES@ZAM","SALES@SNP-CO,ACCESSORIES@AM(PACCLS),SALES@SM,SALES@CCM,ACCESSORIES@TAM,SALES@CRMC,ACCESSORIES@MGR(ACC),ACCESSORIES@RAM,SALES@GM","2023-06-26 14:16:38.763506","admin","2024-05-16 14:41:26.230163",NULL,"","",NULL,"4","27",True
"115","1","1","2","Third Level","4","Third Level escalation for Repeat Arena Sales Complaint ref. no {{caseNumber}}","msilcomplaints.noreply@maruti.co.in","SALES@CCO","SALES@RM,SALES@CBH,SALES@CRMC,SALES@SNP-CO,SALES@GM,SALES@QCM,SALES@SM,SALES@CEO,SALES@DVH-MKT3,SALES@TSM,SALES@SNP-DVH,SALES@CRM-HEAD,SALES@DDVM-SNP,SALES@DVM-SNP","2023-11-29 07:44:15.567792","admin","2025-06-24 03:36:36.13516","CONCENTRIX_SatishChowdary.Goli@maruti.co.in","","crm@maruti.co.in,sandeep.behera@maruti.co.in,gaurav.singal@maruti.co.in","1","3","462",True
"25","1","1","2","Fourth Level","5","Fourth Level escalation for Repeat Arena Sales Complaint ref. no {{caseNumber}}","msilcomplaints.noreply@maruti.co.in","SALES@SH","SALES@RM,SALES@CBH,SALES@CRMC,SALES@SNP-CO,SALES@GM,SALES@QCM,SALES@SM,SALES@CEO,SALES@DVH-MKT3,SALES@TSM,SALES@SNP-DVH,SALES@CRM-HEAD,SALES@DDVM-SNP,SALES@DVM-SNP,SALES@CCO","2023-06-26 14:16:38.763506","admin","2025-06-24 03:40:01.389008","CONCENTRIX_SatishChowdary.Goli@maruti.co.in","","crm@maruti.co.in,gaurav.singal@maruti.co.in,sandeep.behera@maruti.co.in",NULL,"4","470",True
"155","1","1","2","Fifth Level","10","Fifth Level escalation for Repeat Arena Sales Complaint ref. no {{caseNumber}}","msilcomplaints.noreply@maruti.co.in","SALES@SH","SALES@RM,SALES@CBH,SALES@CRMC,SALES@SNP-CO,SALES@GM,SALES@QCM,SALES@SM,SALES@CEO,SALES@DVH-MKT3,SALES@TSM,SALES@SNP-DVH,SALES@CRM-HEAD,SALES@DDVM-SNP,SALES@DVM-SNP,SALES@CCO","2023-12-21 13:24:08.752788","admin","2025-06-24 03:42:24.689863","CONCENTRIX_SatishChowdary.Goli@maruti.co.in","","crm@maruti.co.in,sandeep.behera@maruti.co.in,gaurav.singal@maruti.co.in","2","5","482",True
"30","2","1","2","Second Level","3","Second Level escalation for Repeat Nexa Sales Complaint ref. no {{caseNumber}}","msilcomplaints.noreply@maruti.co.in","SALES@CCO","SALES@RM,SALES@CBH,SALES@CRMC,SALES@SNP-CO,SALES@GM,SALES@QCM,SALES@SM,SALES@CEO,SALES@DVH-MKT3,SALES@TSM,SALES@SNP-DVH,SALES@CRM-HEAD,SALES@DDVM-SNP,SALES@DVM-SNP","2023-06-26 14:16:38.763506","admin","2025-06-18 14:55:59.309274","CONCENTRIX_SatishChowdary.Goli@maruti.co.in","","crm@maruti.co.in",NULL,"2","466",True
"31","2","1","2","Third Level","4","Third Level escalation for Repeat Nexa Sales Complaint ref. no {{caseNumber}}","msilcomplaints.noreply@maruti.co.in","SALES@CCO","SALES@RM,SALES@CBH,SALES@CRMC,SALES@SNP-CO,SALES@GM,SALES@QCM,SALES@SM,SALES@CEO,SALES@DVH-MKT3,SALES@TSM,SALES@SNP-DVH,SALES@CRM-HEAD,SALES@DDVM-SNP,SALES@DVM-SNP","2023-06-26 14:16:38.763506","admin","2025-06-18 14:57:33.432062","CONCENTRIX_SatishChowdary.Goli@maruti.co.in","","crm@maruti.co.in",NULL,"3","462",True
"136","2","1","2","Third Level","4","Third Level escalation for Repeat Nexa Sales Complaint ref. no {{caseNumber}}","msilcomplaints.noreply@maruti.co.in","SALES@CCO","SALES@RM,SALES@CBH,SALES@CRMC,SALES@SNP-CO,SALES@GM,SALES@QCM,SALES@SM,SALES@CEO,SALES@DVH-MKT3,SALES@TSM,SALES@SNP-DVH,SALES@CRM-HEAD,SALES@DDVM-SNP,SALES@DVM-SNP","2023-11-29 07:44:15.567792","admin","2025-06-18 15:03:05.840895","CONCENTRIX_SatishChowdary.Goli@maruti.co.in","","crm@maruti.co.in","1","3","462",True
"178","2","1","2","Third Level","4","Third Level escalation for Repeat Nexa Sales Complaint ref. no {{caseNumber}}","msilcomplaints.noreply@maruti.co.in","SALES@CCO","SALES@RM,SALES@CBH,SALES@CRMC,SALES@SNP-CO,SALES@GM,SALES@QCM,SALES@SM,SALES@CEO,SALES@DVH-MKT3,SALES@TSM,SALES@SNP-DVH,SALES@CRM-HEAD,SALES@DDVM-SNP,SALES@DVM-SNP","2023-11-29 07:46:27.604878","admin","2025-06-18 15:03:33.63004","CONCENTRIX_SatishChowdary.Goli@maruti.co.in","","crm@maruti.co.in","2","3","462",True
"32","2","1","2","Fourth Level","5","Fourth Level escalation for Repeat Nexa Sales Complaint ref. no {{caseNumber}}","msilcomplaints.noreply@maruti.co.in","SALES@SH","SALES@RM,SALES@CBH,SALES@CRMC,SALES@SNP-CO,SALES@GM,SALES@QCM,SALES@SM,SALES@CEO,SALES@DVH-MKT3,SALES@TSM,SALES@SNP-DVH,SALES@CRM-HEAD,SALES@DDVM-SNP,SALES@DVM-SNP,SALES@CCO","2023-06-26 14:16:38.763506","admin","2025-06-18 15:09:31.453954","CONCENTRIX_SatishChowdary.Goli@maruti.co.in","","crm@maruti.co.in",NULL,"4","470",True
"33","2","1","2","Fifth Level","10","Fifth Level escalation for Repeat Nexa Sales Complaint ref. no {{caseNumber}}","msilcomplaints.noreply@maruti.co.in","SALES@SH","SALES@RM,SALES@CBH,SALES@CRMC,SALES@SNP-CO,SALES@GM,SALES@QCM,SALES@SM,SALES@CEO,SALES@DVH-MKT3,SALES@TSM,SALES@SNP-DVH,SALES@CRM-HEAD,SALES@DDVM-SNP,SALES@DVM-SNP,SALES@CCO","2023-06-26 14:16:38.763506","admin","2025-06-18 15:44:49.166879","CONCENTRIX_SatishChowdary.Goli@maruti.co.in","","crm@maruti.co.in",NULL,"5","461",True
"24","1","1","2","Third Level","4","Third Level escalation for Repeat Arena Sales Complaint ref. no {{caseNumber}}","msilcomplaints.noreply@maruti.co.in","SALES@CCO","SALES@RM,SALES@CBH,SALES@CRMC,SALES@SNP-CO,SALES@GM,SALES@QCM,SALES@SM,SALES@CEO,SALES@DVH-MKT3,SALES@TSM,SALES@SNP-DVH,SALES@CRM-HEAD,SALES@DDVM-SNP,SALES@DVM-SNP","2023-06-26 14:16:38.763506","admin","2025-06-24 03:36:10.72117","CONCENTRIX_SatishChowdary.Goli@maruti.co.in","","crm@maruti.co.in,gaurav.singal@maruti.co.in,sandeep.behera@maruti.co.in",NULL,"3","462",True
"156","1","1","2","Fourth Level","5","Fourth Level escalation for Repeat Arena Sales Complaint ref. no {{caseNumber}}","msilcomplaints.noreply@maruti.co.in","SALES@SH","SALES@RM,SALES@CBH,SALES@CRMC,SALES@SNP-CO,SALES@GM,SALES@QCM,SALES@SM,SALES@CEO,SALES@DVH-MKT3,SALES@TSM,SALES@SNP-DVH,SALES@CRM-HEAD,SALES@DDVM-SNP,SALES@DVM-SNP,SALES@CCO","2023-12-21 13:24:08.752788","admin","2025-06-24 03:40:43.864377","CONCENTRIX_SatishChowdary.Goli@maruti.co.in","","crm@maruti.co.in,sandeep.behera@maruti.co.in,gaurav.singal@maruti.co.in","2","4","483",True
"114","1","1","2","Fourth Level","5","Fourth Level escalation for Repeat Arena Sales Complaint ref. no {{caseNumber}}","msilcomplaints.noreply@maruti.co.in","SALES@SH","SALES@RM,SALES@CBH,SALES@CRMC,SALES@SNP-CO,SALES@GM,SALES@QCM,SALES@SM,SALES@CEO,SALES@DVH-MKT3,SALES@TSM,SALES@SNP-DVH,SALES@CRM-HEAD,SALES@DDVM-SNP,SALES@DVM-SNP,SALES@CCO","2023-12-21 13:24:08.752788","admin","2025-06-24 03:41:12.831178","CONCENTRIX_SatishChowdary.Goli@maruti.co.in","","crm@maruti.co.in,gaurav.singal@maruti.co.in,sandeep.behera@maruti.co.in","1","4","483",True
"5","1","1","1","Fifth Level","10","Fifth Level escalation for New Arena Sales Complaint ref. no {{caseNumber}}","msilcomplaints.noreply@maruti.co.in","SALES@SH","SALES@RM,SALES@CBH,SALES@CRMC,SALES@SNP-CO,SALES@GM,SALES@QCM,SALES@SM,SALES@CEO,SALES@DVH-MKT3,SALES@TSM,SALES@SNP-DVH,SALES@CRM-HEAD,SALES@DDVM-SNP,SALES@DVM-SNP,SALES@CCO","2023-06-26 14:16:38.763506","admin","2025-06-24 03:43:18.326008","CONCENTRIX_SatishChowdary.Goli@maruti.co.in","","crm@maruti.co.in,sandeep.behera@maruti.co.in,gaurav.singal@maruti.co.in",NULL,"5","2",True
"7","1","1","1","Seventh Level","30","Seventh Level escalation for New Arena Sales Complaint ref. no {{caseNumber}}","msilcomplaints.noreply@maruti.co.in","SALES@TSM","SALES@GM,SALES@QCM,SALES@RM,SALES@CBH,SALES@CRMC,SALES@SNP-CO,SALES@SM,SALES@CEO,SALES@DVH-MKT3,SALES@SNP-DVH,SALES@SH,SALES@CRM-HEAD,SALES@DDVM-SNP,SALES@DVM-SNP,SALES@CCO","2023-06-26 14:16:38.763506","admin","2025-06-24 03:51:11.797672","CONCENTRIX_SatishChowdary.Goli@maruti.co.in","","crm@maruti.co.in,sandeep.behera@maruti.co.in,gaurav.singal@maruti.co.in",NULL,"7","15",True
"137","2","1","2","Second Level","3","Second Level escalation for Repeat Nexa Sales Complaint ref. no {{caseNumber}}","msilcomplaints.noreply@maruti.co.in","SALES@CCO","SALES@RM,SALES@CBH,SALES@CRMC,SALES@SNP-CO,SALES@GM,SALES@QCM,SALES@SM,SALES@CEO,SALES@DVH-MKT3,SALES@TSM,SALES@SNP-DVH,SALES@CRM-HEAD,SALES@DDVM-SNP,SALES@DVM-SNP","2023-11-29 07:44:15.567792","admin","2025-06-18 14:56:36.528189","CONCENTRIX_SatishChowdary.Goli@maruti.co.in","","crm@maruti.co.in","1","2","466",True
"135","2","1","2","Fourth Level","5","Fourth Level escalation for Repeat Nexa Sales Complaint ref. no {{caseNumber}}","msilcomplaints.noreply@maruti.co.in","SALES@SH","SALES@RM,SALES@CBH,SALES@CRMC,SALES@SNP-CO,SALES@GM,SALES@QCM,SALES@SM,SALES@CEO,SALES@DVH-MKT3,SALES@TSM,SALES@SNP-DVH,SALES@CRM-HEAD,SALES@DDVM-SNP,SALES@DVM-SNP,SALES@CCO","2023-12-21 13:24:08.752788","admin","2025-06-18 15:09:56.395985","CONCENTRIX_SatishChowdary.Goli@maruti.co.in","","crm@maruti.co.in","1","4","483",True
"177","2","1","2","Fourth Level","5","Fourth Level escalation for Repeat Nexa Sales Complaint ref. no {{caseNumber}}","msilcomplaints.noreply@maruti.co.in","SALES@SH","SALES@RM,SALES@CBH,SALES@CRMC,SALES@SNP-CO,SALES@GM,SALES@QCM,SALES@SM,SALES@CEO,SALES@DVH-MKT3,SALES@TSM,SALES@SNP-DVH,SALES@CRM-HEAD,SALES@DDVM-SNP,SALES@DVM-SNP,SALES@CCO","2023-12-21 13:24:08.752788","admin","2025-06-18 15:10:21.216461","CONCENTRIX_SatishChowdary.Goli@maruti.co.in","","crm@maruti.co.in","2","4","483",True
"176","2","1","2","Fifth Level","10","Fifth Level escalation for Repeat Nexa Sales Complaint ref. no {{caseNumber}}","msilcomplaints.noreply@maruti.co.in","SALES@SH","SALES@RM,SALES@CBH,SALES@CRMC,SALES@SNP-CO,SALES@GM,SALES@QCM,SALES@SM,SALES@CEO,SALES@DVH-MKT3,SALES@TSM,SALES@SNP-DVH,SALES@CRM-HEAD,SALES@DDVM-SNP,SALES@DVM-SNP,SALES@CCO","2023-12-21 13:24:08.752788","admin","2025-06-18 15:45:50.368138","CONCENTRIX_SatishChowdary.Goli@maruti.co.in","","crm@maruti.co.in","2","5","482",True
"19","2","1","1","Fifth Level","10","Fifth Level escalation for New Nexa Sales Complaint ref. no {{caseNumber}}","msilcomplaints.noreply@maruti.co.in","SALES@SH","SALES@RM,SALES@CBH,SALES@CRMC,SALES@SNP-CO,SALES@GM,SALES@QCM,SALES@SM,SALES@CEO,SALES@DVH-MKT3,SALES@TSM,SALES@SNP-DVH,SALES@CRM-HEAD,SALES@DDVM-SNP,SALES@DVM-SNP,SALES@CCO","2023-06-26 14:16:38.763506","admin","2025-06-18 15:46:34.922306","CONCENTRIX_SatishChowdary.Goli@maruti.co.in","","crm@maruti.co.in",NULL,"5","2",True
"168","2","1","1","Sixth Level","20","Sixth Level escalation for New Nexa Sales Complaint ref. no {{caseNumber}}","msilcomplaints.noreply@maruti.co.in","SALES@SH","SALES@RM,SALES@CBH,SALES@CRMC,SALES@SNP-CO,SALES@GM,SALES@QCM,SALES@SM,SALES@CEO,SALES@DVH-MKT3,SALES@TSM,SALES@SNP-DVH,SALES@CRM-HEAD,SALES@DDVM-SNP,SALES@DVM-SNP,SALES@CCO","2023-12-14 15:50:18.125113","admin","2025-06-18 15:50:51.19946","CONCENTRIX_SatishChowdary.Goli@maruti.co.in","","crm@maruti.co.in","2","6","5",True
"21","2","1","1","Seventh Level","30","Seventh Level escalation for New Nexa Sales Complaint ref. no {{caseNumber}}","msilcomplaints.noreply@maruti.co.in","SALES@TSM","SALES@GM,SALES@QCM,SALES@RM,SALES@CBH,SALES@CRMC,SALES@SNP-CO,SALES@SM,SALES@CEO,SALES@DVH-MKT3,SALES@SNP-DVH,SALES@SH,SALES@CRM-HEAD,SALES@DDVM-SNP,SALES@DVM-SNP,SALES@CCO","2023-06-26 14:16:38.763506","admin","2025-06-18 15:56:01.151956","CONCENTRIX_SatishChowdary.Goli@maruti.co.in","","crm@maruti.co.in",NULL,"7","15",True
"125","2","1","1","Seventh Level","30","Seventh Level escalation for New Nexa Sales Complaint ref. no {{caseNumber}}","msilcomplaints.noreply@maruti.co.in","SALES@TSM","SALES@GM,SALES@QCM,SALES@RM,SALES@CBH,SALES@CRMC,SALES@SNP-CO,SALES@SM,SALES@CEO,SALES@DVH-MKT3,SALES@SNP-DVH,SALES@SH,SALES@CRM-HEAD,SALES@DDVM-SNP,SALES@DVM-SNP,SALES@CCO","2023-12-14 15:50:18.125113","admin","2025-06-18 15:56:34.360084","CONCENTRIX_SatishChowdary.Goli@maruti.co.in","","crm@maruti.co.in","1","7","31",True
"161","1","1","2","Second Level","3","Second Level escalation for Repeat Arena Sales Complaint ref. no {{caseNumber}}","msilcomplaints.noreply@maruti.co.in","SALES@CCO","SALES@RM,SALES@CBH,SALES@CRMC,SALES@SNP-CO,SALES@GM,SALES@QCM,SALES@SM,SALES@CEO,SALES@DVH-MKT3,SALES@TSM,SALES@SNP-DVH,SALES@CRM-HEAD,SALES@DDVM-SNP,SALES@DVM-SNP","2023-11-29 07:46:27.604878","admin","2025-06-24 03:35:48.40412","CONCENTRIX_SatishChowdary.Goli@maruti.co.in","","crm@maruti.co.in,sandeep.behera@maruti.co.in,gaurav.singal@maruti.co.in","2","2","466",True
"163","1","1","1","Third Level","4","Third Level escalation for New Arena Sales Complaint ref. no {{caseNumber}}","msilcomplaints.noreply@maruti.co.in","SALES@CCO","SALES@RM,SALES@CBH,SALES@CRMC,SALES@SNP-CO,SALES@GM,SALES@QCM,SALES@SM,SALES@CEO,SALES@DVH-MKT3,SALES@TSM,SALES@SNP-DVH,SALES@CRM-HEAD,SALES@DDVM-SNP,SALES@DVM-SNP","2023-11-29 07:46:27.604878","admin","2025-06-24 03:37:58.151547","CONCENTRIX_SatishChowdary.Goli@maruti.co.in","","crm@maruti.co.in,gaurav.singal@maruti.co.in,sandeep.behera@maruti.co.in","2","3","14",True
"121","1","1","1","Third Level","4","Third Level escalation for New Arena Sales Complaint ref. no {{caseNumber}}","msilcomplaints.noreply@maruti.co.in","SALES@CCO","SALES@RM,SALES@CBH,SALES@CRMC,SALES@SNP-CO,SALES@GM,SALES@QCM,SALES@SM,SALES@CEO,SALES@DVH-MKT3,SALES@TSM,SALES@SNP-DVH,SALES@CRM-HEAD,SALES@DDVM-SNP,SALES@DVM-SNP","2023-11-29 07:44:15.567792","admin","2025-06-24 03:38:31.593631","CONCENTRIX_SatishChowdary.Goli@maruti.co.in","","crm@maruti.co.in,sandeep.behera@maruti.co.in,gaurav.singal@maruti.co.in","1","3","14",True
"162","1","1","1","Fourth Level","5","Fourth Level escalation for New Arena Sales Complaint ref. no {{caseNumber}}","msilcomplaints.noreply@maruti.co.in","SALES@CCO","SALES@RM,SALES@CBH,SALES@CRMC,SALES@SNP-CO,SALES@GM,SALES@QCM,SALES@SM,SALES@CEO,SALES@DVH-MKT3,SALES@TSM,SALES@SNP-DVH,SALES@CRM-HEAD,SALES@DDVM-SNP,SALES@DVM-SNP","2023-11-29 07:46:27.604878","admin","2025-06-24 03:41:38.788364","CONCENTRIX_SatishChowdary.Goli@maruti.co.in","","crm@maruti.co.in,sandeep.behera@maruti.co.in,gaurav.singal@maruti.co.in","2","4","27",True
"160","1","1","1","Fifth Level","10","Fifth Level escalation for New Arena Sales Complaint ref. no {{caseNumber}}","msilcomplaints.noreply@maruti.co.in","SALES@SH","SALES@RM,SALES@CBH,SALES@CRMC,SALES@SNP-CO,SALES@GM,SALES@QCM,SALES@SM,SALES@CEO,SALES@DVH-MKT3,SALES@TSM,SALES@SNP-DVH,SALES@CRM-HEAD,SALES@DDVM-SNP,SALES@DVM-SNP,SALES@CCO","2023-12-21 13:24:08.752788","admin","2025-06-24 03:43:53.961785","CONCENTRIX_SatishChowdary.Goli@maruti.co.in","","crm@maruti.co.in,gaurav.singal@maruti.co.in,sandeep.behera@maruti.co.in","2","5","6",True
"6","1","1","1","Sixth Level","20","Sixth Level escalation for New Arena Sales Complaint ref. no {{caseNumber}}","msilcomplaints.noreply@maruti.co.in","SALES@SH","SALES@RM,SALES@CBH,SALES@CRMC,SALES@SNP-CO,SALES@GM,SALES@QCM,SALES@SM,SALES@CEO,SALES@DVH-MKT3,SALES@TSM,SALES@SNP-DVH,SALES@CRM-HEAD,SALES@DDVM-SNP,SALES@DVM-SNP,SALES@CCO","2023-06-26 14:16:38.763506","admin","2025-06-24 03:47:21.833366","CONCENTRIX_SatishChowdary.Goli@maruti.co.in","","crm@maruti.co.in,gaurav.singal@maruti.co.in,sandeep.behera@maruti.co.in",NULL,"6","24",True
"17","2","1","1","Third Level","4","Third Level escalation for New Nexa Sales Complaint ref. no {{caseNumber}}","msilcomplaints.noreply@maruti.co.in","SALES@CCO","SALES@RM,SALES@CBH,SALES@CRMC,SALES@SNP-CO,SALES@GM,SALES@QCM,SALES@SM,SALES@CEO,SALES@DVH-MKT3,SALES@TSM,SALES@SNP-DVH,SALES@CRM-HEAD,SALES@DDVM-SNP,SALES@DVM-SNP","2023-06-26 14:16:38.763506","admin","2025-06-18 15:04:03.058812","CONCENTRIX_SatishChowdary.Goli@maruti.co.in","","crm@maruti.co.in",NULL,"3","14",True
"172","2","1","1","Third Level","4","Third Level escalation for New Nexa Sales Complaint ref. no {{caseNumber}}","msilcomplaints.noreply@maruti.co.in","SALES@CCO","SALES@RM,SALES@CBH,SALES@CRMC,SALES@SNP-CO,SALES@GM,SALES@QCM,SALES@SM,SALES@CEO,SALES@DVH-MKT3,SALES@TSM,SALES@SNP-DVH,SALES@CRM-HEAD,SALES@DDVM-SNP,SALES@DVM-SNP","2023-11-29 07:46:27.604878","admin","2025-06-18 15:04:24.92469","CONCENTRIX_SatishChowdary.Goli@maruti.co.in","","crm@maruti.co.in","2","3","14",True
"130","2","1","1","Third Level","4","Third Level escalation for New Nexa Sales Complaint ref. no {{caseNumber}}","msilcomplaints.noreply@maruti.co.in","SALES@CCO","SALES@RM,SALES@CBH,SALES@CRMC,SALES@SNP-CO,SALES@GM,SALES@QCM,SALES@SM,SALES@CEO,SALES@DVH-MKT3,SALES@TSM,SALES@SNP-DVH,SALES@CRM-HEAD,SALES@DDVM-SNP,SALES@DVM-SNP","2023-11-29 07:44:15.567792","admin","2025-06-18 15:05:27.232401","CONCENTRIX_SatishChowdary.Goli@maruti.co.in","","crm@maruti.co.in","1","3","14",True
"171","2","1","1","Fourth Level","5","Fourth Level escalation for New Nexa Sales Complaint ref. no {{caseNumber}}","msilcomplaints.noreply@maruti.co.in","SALES@CCO","SALES@RM,SALES@CBH,SALES@CRMC,SALES@SNP-CO,SALES@GM,SALES@QCM,SALES@SM,SALES@CEO,SALES@DVH-MKT3,SALES@TSM,SALES@SNP-DVH,SALES@CRM-HEAD,SALES@DDVM-SNP,SALES@DVM-SNP","2023-11-29 07:46:27.604878","admin","2025-06-18 15:06:20.423237","CONCENTRIX_SatishChowdary.Goli@maruti.co.in","","crm@maruti.co.in","2","4","27",True
"127","2","1","1","Fifth Level","10","Fifth Level escalation for New Nexa Sales Complaint ref. no {{caseNumber}}","msilcomplaints.noreply@maruti.co.in","SALES@SH","SALES@RM,SALES@CBH,SALES@CRMC,SALES@SNP-CO,SALES@GM,SALES@QCM,SALES@SM,SALES@CEO,SALES@DVH-MKT3,SALES@TSM,SALES@SNP-DVH,SALES@CRM-HEAD,SALES@DDVM-SNP,SALES@DVM-SNP,SALES@CCO","2023-12-21 13:24:08.752788","admin","2025-06-18 15:47:17.193277","CONCENTRIX_SatishChowdary.Goli@maruti.co.in","","crm@maruti.co.in","1","5","6",True
"126","2","1","1","Sixth Level","20","Sixth Level escalation for New Nexa Sales Complaint ref. no {{caseNumber}}","msilcomplaints.noreply@maruti.co.in","SALES@SH","SALES@RM,SALES@CBH,SALES@CRMC,SALES@SNP-CO,SALES@GM,SALES@QCM,SALES@SM,SALES@CEO,SALES@DVH-MKT3,SALES@TSM,SALES@SNP-DVH,SALES@CRM-HEAD,SALES@DDVM-SNP,SALES@DVM-SNP,SALES@CCO","2023-12-14 15:50:18.125113","admin","2025-06-18 15:51:25.686404","CONCENTRIX_SatishChowdary.Goli@maruti.co.in","","crm@maruti.co.in","1","6","5",True
"20","2","1","1","Sixth Level","20","Sixth Level escalation for New Nexa Sales Complaint ref. no {{caseNumber}}","msilcomplaints.noreply@maruti.co.in","SALES@SH","SALES@RM,SALES@CBH,SALES@CRMC,SALES@SNP-CO,SALES@GM,SALES@QCM,SALES@SM,SALES@CEO,SALES@DVH-MKT3,SALES@TSM,SALES@SNP-DVH,SALES@CRM-HEAD,SALES@DDVM-SNP,SALES@DVM-SNP,SALES@CCO","2023-06-26 14:16:38.763506","admin","2025-06-18 15:51:53.488325","CONCENTRIX_SatishChowdary.Goli@maruti.co.in","","crm@maruti.co.in",NULL,"6","24",True
"3","1","1","1","Third Level","4","Third Level escalation for New Arena Sales Complaint ref. no {{caseNumber}}","msilcomplaints.noreply@maruti.co.in","SALES@CCO","SALES@RM,SALES@CBH,SALES@CRMC,SALES@SNP-CO,SALES@GM,SALES@QCM,SALES@SM,SALES@CEO,SALES@DVH-MKT3,SALES@TSM,SALES@SNP-DVH,SALES@CRM-HEAD,SALES@DDVM-SNP,SALES@DVM-SNP","2023-06-26 14:16:38.763506","admin","2025-06-24 03:37:26.869535","CONCENTRIX_SatishChowdary.Goli@maruti.co.in","","crm@maruti.co.in,sandeep.behera@maruti.co.in,gaurav.singal@maruti.co.in",NULL,"3","14",True
"199","2","1","1","Weekly-Escalation","0","Weekly Escalation for New Nexa Sales Complaint ref. no {{caseNumber}}","msilcomplaints.noreply@maruti.co.in","SALES@TSM","SALES@GM,SALES@QCM,SALES@RM,SALES@CBH,SALES@CRMC,SALES@SNP-CO,SALES@SM,SALES@CEO,SALES@DVH-MKT3,SALES@SNP-DVH,SALES@SH,SALES@CRM-HEAD,SALES@DDVM-SNP,SALES@DVM-SNP,SALES@CCO","2025-04-28 10:14:52.258751","admin","2025-06-18 15:57:25.212421","CONCENTRIX_SatishChowdary.Goli@maruti.co.in","","crm@maruti.co.in",NULL,"8","490",True
"197","1","1","1","Weekly-Escalation","0","Weekly Escalation for New Arena Sales Complaint ref. no {{caseNumber}}","msilcomplaints.noreply@maruti.co.in","SALES@TSM","SALES@GM,SALES@QCM,SALES@RM,SALES@CBH,SALES@CRMC,SALES@SNP-CO,SALES@SM,SALES@CEO,SALES@DVH-MKT3,SALES@SNP-DVH,SALES@SH,SALES@CRM-HEAD,SALES@DDVM-SNP,SALES@DVM-SNP,SALES@CCO","2025-04-28 10:14:52.258751","admin","2025-06-24 03:51:58.119059","CONCENTRIX_SatishChowdary.Goli@maruti.co.in","","crm@maruti.co.in,gaurav.singal@maruti.co.in,sandeep.behera@maruti.co.in",NULL,"8","490",True
"198","4","1","1","Weekly-Escalation",NULL,"Weekly Escalation for New Commercial Sales Complaint ref. no {{caseNumber}}","msilcomplaints.noreply@maruti.co.in","SALES@DVM","SALES@ZH,SALES@TSM,SALES@GM,SALES@CEO,SALES@DPM-COMS,SALES@COH,SALES@CC-INCHARGE","2025-04-28 10:14:52.258751","admin",NULL,"","","crm@maruti.co.in",NULL,"8","490",True
"202","4","1","2","Weekly-Escalation",NULL,"Weekly Escalation for Repeat Commercial Sales Complaint ref. no {{caseNumber}}","msilcomplaints.noreply@maruti.co.in","SALES@DVM","SALES@ZH,SALES@TSM,SALES@GM,SALES@CEO,SALES@DPM-COMS,SALES@COH,SALES@CC-INCHARGE","2025-04-28 10:14:52.258751","admin",NULL,"","","crm@maruti.co.in",NULL,"8","491",True
"207","4","1","2","Weekly-Escalation",NULL,"Weekly Escalation for Repeat Commercial Sales Complaint ref. no {{caseNumber}}","msilcomplaints.noreply@maruti.co.in","SALES@DVM","SALES@ZH,SALES@TSM,SALES@GM,SALES@CEO,SALES@DPM-COMS,SALES@COH,SALES@CC-INCHARGE","2025-04-28 10:14:52.258751","admin",NULL,"","","crm@maruti.co.in","1","8","491",True
"208","4","1","1","Weekly-Escalation",NULL,"Weekly Escalation for New Commercial Sales Complaint ref. no {{caseNumber}}","msilcomplaints.noreply@maruti.co.in","SALES@DVM","SALES@ZH,SALES@TSM,SALES@GM,SALES@CEO,SALES@DPM-COMS,SALES@COH,SALES@CC-INCHARGE","2025-04-28 10:14:52.258751","admin",NULL,"","","crm@maruti.co.in","1","8","490",True
"213","4","1","2","Weekly-Escalation",NULL,"Weekly Escalation for Repeat Commercial Sales Complaint ref. no {{caseNumber}}","msilcomplaints.noreply@maruti.co.in","SALES@DVM","SALES@ZH,SALES@TSM,SALES@GM,SALES@CEO,SALES@DPM-COMS,SALES@COH,SALES@CC-INCHARGE","2025-04-28 10:14:52.258751","admin",NULL,"","","crm@maruti.co.in","2","8","491",True
"214","4","1","1","Weekly-Escalation",NULL,"Weekly Escalation for New Commercial Sales Complaint ref. no {{caseNumber}}","msilcomplaints.noreply@maruti.co.in","SALES@DVM","SALES@ZH,SALES@TSM,SALES@GM,SALES@CEO,SALES@DPM-COMS,SALES@COH,SALES@CC-INCHARGE","2025-04-28 10:14:52.258751","admin",NULL,"","","crm@maruti.co.in","2","8","490",True
"196","3","5","1","Fourth Level","5","Fourth Level escalation for New True Value True Value Complaint ref. no {{caseNumber}}","msilcomplaints.noreply@maruti.co.in","TRUE VALUE@TVCH,TRUE VALUE@DDVM-DD2SP","TRUE VALUE@SRDVM-TV,TRUE VALUE@DVM-DDEV2,TRUE VALUE@SNP-HEAD,TRUE VALUE@SLP-HEAD,TRUE VALUE@ZH-TV,TRUE VALUE@RM-TV,TRUE VALUE@SNP-CO,TRUE VALUE@TM-TV,TRUE VALUE@CEO,TRUE VALUE@TVM,TRUE VALUE@CCM,TRUE VALUE@DSE","2024-07-30 17:00:00","admin","2025-08-04 12:03:46.828341","CONCENTRIX_SatishChowdary.Goli@maruti.co.in","","",NULL,"4","492",True
"200","1","1","2","Weekly-Escalation","0","Weekly Escalation for Repeat Arena Sales Complaint ref. no {{caseNumber}}","msilcomplaints.noreply@maruti.co.in","SALES@TSM","SALES@GM,SALES@QCM,SALES@RM,SALES@CBH,SALES@CRMC,SALES@SNP-CO,SALES@SM,SALES@CEO,SALES@DVH-MKT3,SALES@SNP-DVH,SALES@SH,SALES@CRM-HEAD,SALES@DDVM-SNP,SALES@DVM-SNP,SALES@CCO","2025-04-28 10:14:52.258751","admin","2025-06-24 03:52:20.80513","CONCENTRIX_SatishChowdary.Goli@maruti.co.in","","crm@maruti.co.in,sandeep.behera@maruti.co.in,gaurav.singal@maruti.co.in",NULL,"8","491",True
"210","1","1","1","Weekly-Escalation","0","Weekly Escalation for New Arena Sales Complaint ref. no {{caseNumber}}","msilcomplaints.noreply@maruti.co.in","SALES@TSM","SALES@GM,SALES@QCM,SALES@RM,SALES@CBH,SALES@CRMC,SALES@SNP-CO,SALES@SM,SALES@CEO,SALES@DVH-MKT3,SALES@SNP-DVH,SALES@SH,SALES@CRM-HEAD,SALES@DDVM-SNP,SALES@DVM-SNP,SALES@CCO","2025-04-28 10:14:52.258751","admin","2025-06-24 03:50:04.740866","CONCENTRIX_SatishChowdary.Goli@maruti.co.in","","crm@maruti.co.in,gaurav.singal@maruti.co.in,sandeep.behera@maruti.co.in","2","8","490",True
"204","1","1","1","Weekly-Escalation","0","Weekly Escalation for New Arena Sales Complaint ref. no {{caseNumber}}","msilcomplaints.noreply@maruti.co.in","SALES@TSM","SALES@GM,SALES@QCM,SALES@RM,SALES@CBH,SALES@CRMC,SALES@SNP-CO,SALES@SM,SALES@CEO,SALES@DVH-MKT3,SALES@SNP-DVH,SALES@SH,SALES@CRM-HEAD,SALES@DDVM-SNP,SALES@DVM-SNP,SALES@CCO","2025-04-28 10:14:52.258751","admin","2025-06-24 03:50:28.723325","CONCENTRIX_SatishChowdary.Goli@maruti.co.in","","crm@maruti.co.in,sandeep.behera@maruti.co.in,gaurav.singal@maruti.co.in","1","8","490",True
"201","2","1","2","Weekly-Escalation","0","Weekly Escalation for Repeat Nexa Sales Complaint ref. no {{caseNumber}}","msilcomplaints.noreply@maruti.co.in","SALES@TSM","SALES@GM,SALES@QCM,SALES@RM,SALES@CBH,SALES@CRMC,SALES@SNP-CO,SALES@SM,SALES@CEO,SALES@DVH-MKT3,SALES@SNP-DVH,SALES@SH,SALES@CRM-HEAD,SALES@DDVM-SNP,SALES@DVM-SNP,SALES@CCO","2025-04-28 10:14:52.258751","admin","2025-06-18 15:57:49.183064","CONCENTRIX_SatishChowdary.Goli@maruti.co.in","","crm@maruti.co.in",NULL,"8","491",True
"205","2","1","1","Weekly-Escalation","0","Weekly Escalation for New Nexa Sales Complaint ref. no {{caseNumber}}","msilcomplaints.noreply@maruti.co.in","SALES@TSM","SALES@GM,SALES@QCM,SALES@RM,SALES@CBH,SALES@CRMC,SALES@SNP-CO,SALES@SM,SALES@CEO,SALES@DVH-MKT3,SALES@SNP-DVH,SALES@SH,SALES@CRM-HEAD,SALES@DDVM-SNP,SALES@DVM-SNP,SALES@CCO","2025-04-28 10:14:52.258751","admin","2025-06-18 15:58:12.17304","CONCENTRIX_SatishChowdary.Goli@maruti.co.in","","crm@maruti.co.in","1","8","490",True
"206","2","1","2","Weekly-Escalation","0","Weekly Escalation for Repeat Nexa Sales Complaint ref. no {{caseNumber}}","msilcomplaints.noreply@maruti.co.in","SALES@TSM","SALES@GM,SALES@QCM,SALES@RM,SALES@CBH,SALES@CRMC,SALES@SNP-CO,SALES@SM,SALES@CEO,SALES@DVH-MKT3,SALES@SNP-DVH,SALES@SH,SALES@CRM-HEAD,SALES@DDVM-SNP,SALES@DVM-SNP,SALES@CCO","2025-04-28 10:14:52.258751","admin","2025-06-18 15:58:46.132264","CONCENTRIX_SatishChowdary.Goli@maruti.co.in","","crm@maruti.co.in","1","8","491",True
"211","2","1","1","Weekly-Escalation","0","Weekly Escalation for New Nexa Sales Complaint ref. no {{caseNumber}}","msilcomplaints.noreply@maruti.co.in","SALES@TSM","SALES@GM,SALES@QCM,SALES@RM,SALES@CBH,SALES@CRMC,SALES@SNP-CO,SALES@SM,SALES@CEO,SALES@DVH-MKT3,SALES@SNP-DVH,SALES@SH,SALES@CRM-HEAD,SALES@DDVM-SNP,SALES@DVM-SNP,SALES@CCO","2025-04-28 10:14:52.258751","admin","2025-06-18 15:59:10.427771","CONCENTRIX_SatishChowdary.Goli@maruti.co.in","","crm@maruti.co.in","2","8","490",True
"212","2","1","2","Weekly-Escalation","0","Weekly Escalation for Repeat Nexa Sales Complaint ref. no {{caseNumber}}","msilcomplaints.noreply@maruti.co.in","SALES@TSM","SALES@GM,SALES@QCM,SALES@RM,SALES@CBH,SALES@CRMC,SALES@SNP-CO,SALES@SM,SALES@CEO,SALES@DVH-MKT3,SALES@SNP-DVH,SALES@SH,SALES@CRM-HEAD,SALES@DDVM-SNP,SALES@DVM-SNP,SALES@CCO","2025-04-28 10:14:52.258751","admin","2025-06-18 15:59:43.390174","CONCENTRIX_SatishChowdary.Goli@maruti.co.in","","crm@maruti.co.in","2","8","491",True
"203","1","1","2","Weekly-Escalation","0","Weekly Escalation for Repeat Arena Sales Complaint ref. no {{caseNumber}}","msilcomplaints.noreply@maruti.co.in","SALES@TSM","SALES@GM,SALES@QCM,SALES@RM,SALES@CBH,SALES@CRMC,SALES@SNP-CO,SALES@SM,SALES@CEO,SALES@DVH-MKT3,SALES@SNP-DVH,SALES@SH,SALES@CRM-HEAD,SALES@DDVM-SNP,SALES@DVM-SNP,SALES@CCO","2025-04-28 10:14:52.258751","admin","2025-06-24 03:49:39.754491","CONCENTRIX_SatishChowdary.Goli@maruti.co.in","","crm@maruti.co.in,sandeep.behera@maruti.co.in,gaurav.singal@maruti.co.in","1","8","491",True
"195","3","5","2","Fourth Level","5","Fourth Level escalation for Repeat True Value True Value Complaint ref. no {{caseNumber}}","msilcomplaints.noreply@maruti.co.in","TRUE VALUE@TVCH,TRUE VALUE@DDVM-DD2SP","TRUE VALUE@SRDVM-TV,TRUE VALUE@DVM-DDEV2,TRUE VALUE@SNP-HEAD,TRUE VALUE@SLP-HEAD,TRUE VALUE@ZH-TV,TRUE VALUE@RM-TV,TRUE VALUE@SNP-CO,TRUE VALUE@TM-TV,TRUE VALUE@CEO,TRUE VALUE@TVM,TRUE VALUE@CCM,TRUE VALUE@DSE","2024-07-30 17:00:00","admin","2025-08-04 12:04:11.596813","CONCENTRIX_SatishChowdary.Goli@maruti.co.in","","",NULL,"4","493",True
"215","3","5","1","Fifth Level","10","Fifth Level escalation for New True Value True Value Complaint ref. no {{caseNumber}}","msilcomplaints.noreply@maruti.co.in","TRUE VALUE@SRDVM-TV,TRUE VALUE@DVM-DDEV2","TRUE VALUE@SRDVM-SALES,TRUE VALUE@DDVM-DD2SP,TRUE VALUE@TVCH,TRUE VALUE@SNP-HEAD,TRUE VALUE@SLP-HEAD,TRUE VALUE@ZH-TV,TRUE VALUE@RM-TV,TRUE VALUE@SNP-CO,TRUE VALUE@TM-TV,TRUE VALUE@CEO,TRUE VALUE@TVM,TRUE VALUE@CCM,TRUE VALUE@DSE","2025-06-17 14:40:29.070799","admin","2025-08-04 12:05:17.377831","CONCENTRIX_SatishChowdary.Goli@maruti.co.in","","",NULL,"5","494",True
"217","3","5","2","Fifth Level","10","Fifth Level escalation for Repeat True Value True Value Complaint ref. no {{caseNumber}}","msilcomplaints.noreply@maruti.co.in","TRUE VALUE@SRDVM-TV,TRUE VALUE@DVM-DDEV2","TRUE VALUE@SRDVM-SALES,TRUE VALUE@DDVM-DD2SP,TRUE VALUE@TVCH,TRUE VALUE@SNP-HEAD,TRUE VALUE@SLP-HEAD,TRUE VALUE@ZH-TV,TRUE VALUE@RM-TV,TRUE VALUE@SNP-CO,TRUE VALUE@TM-TV,TRUE VALUE@CEO,TRUE VALUE@TVM,TRUE VALUE@CCM,TRUE VALUE@DSE","2025-06-17 14:40:29.070799","admin","2025-08-04 12:05:44.762682","CONCENTRIX_SatishChowdary.Goli@maruti.co.in","","",NULL,"5","495",True
"216","3","5","1","Sixth Level","15","Sixth Level escalation for New True Value True Value Complaint ref. no {{caseNumber}}","msilcomplaints.noreply@maruti.co.in","TRUE VALUE@SRDVM-SALES","TRUE VALUE@SRDVM-TV,TRUE VALUE@DVM-DDEV2,TRUE VALUE@DDVM-DD2SP,TRUE VALUE@TVCH,TRUE VALUE@SNP-HEAD,TRUE VALUE@SLP-HEAD,TRUE VALUE@ZH-TV,TRUE VALUE@RM-TV,TRUE VALUE@SNP-CO,TRUE VALUE@TM-TV,TRUE VALUE@CEO,TRUE VALUE@TVM,TRUE VALUE@CCM,TRUE VALUE@DSE","2025-06-17 14:40:29.070799","admin","2025-08-04 12:06:05.022595","CONCENTRIX_SatishChowdary.Goli@maruti.co.in","","",NULL,"6","496",True
"218","3","5","2","Sixth Level","15","Sixth Level escalation for Repeat True Value True Value Complaint ref. no {{caseNumber}}","msilcomplaints.noreply@maruti.co.in","TRUE VALUE@SRDVM-SALES","TRUE VALUE@SRDVM-TV,TRUE VALUE@DVM-DDEV2,TRUE VALUE@DDVM-DD2SP,TRUE VALUE@TVCH,TRUE VALUE@SNP-HEAD,TRUE VALUE@SLP-HEAD,TRUE VALUE@ZH-TV,TRUE VALUE@RM-TV,TRUE VALUE@SNP-CO,TRUE VALUE@TM-TV,TRUE VALUE@CEO,TRUE VALUE@TVM,TRUE VALUE@CCM,TRUE VALUE@DSE","2025-06-17 14:40:29.070799","admin","2025-08-04 12:06:36.789979","CONCENTRIX_SatishChowdary.Goli@maruti.co.in","","",NULL,"6","497",True
