"tertiary_cat_id","tertiary_cat_name","tertiary_cat_desc","created_at","created_by","modified_at","modified_by"
"1","Subscription Not Sold in DMS","Subscription Not Sold in DMS","2023-06-01 13:55:03.605","Admin",NULL,""
"2","Mobile Number Not Updated","Mobile Number Not Updated","2023-06-01 13:55:03.605","Admin",NULL,""
"3","Vehicle Registration Number Not Updated","Vehicle Registration Number Not Updated","2023-06-01 13:55:03.605","Admin",NULL,""
"4","Billing Related","Billing Related","2023-06-01 13:55:03.605","Admin",NULL,""
"6","Replacement","Replacement","2023-06-01 13:55:03.605","Admin",NULL,""
"7","Others","Others","2023-06-01 13:55:03.605","Admin",NULL,""
"8","Device Connections To Be Checked(Device Inspection)","Device Connections To Be Checked(Device Inspection)","2023-06-01 13:55:03.605","Admin",NULL,""
"9","Re-enrolment/Enrollment","Re-enrolment/Enrollment","2023-06-01 13:55:03.605","Admin",NULL,""
"10","Vehicle Inspection","Vehicle Inspection","2023-06-01 13:55:03.605","Admin",NULL,""
"12","Price Visibile on Portal","Price Visibile on Portal","2023-06-01 13:55:03.605","Admin",NULL,""
"13","Dealer Support Assistance on MSSF ","Dealer Support Assistance on MSSF ","2023-06-01 13:55:03.605","Admin",NULL,""
"14","Dealer Behaviour Related","Dealer Behaviour Related","2023-06-01 13:55:03.605","Admin",NULL,""
"15","No Response/Delayed in Issuing Sanction Letter","No Response/Delayed in Issuing Sanction Letter","2023-06-01 13:55:03.605","Admin",NULL,""
"16","Financer Seeking Documents Again ","Financer Seeking Documents Again ","2023-06-01 13:55:03.605","Admin",NULL,""
"17","Financer Refusing to Honor Sanction Letter","Financer Refusing to Honor Sanction Letter","2023-06-01 13:55:03.605","Admin",NULL,""
"18","Unable to Enroll","Unable to Enroll","2023-06-01 13:55:03.605","Admin",NULL,""
"19","Incorrect Customer Details","Incorrect Customer Details","2023-06-01 13:55:03.605","Admin",NULL,""
"20","App Related","App Related","2023-06-01 13:55:03.605","Admin",NULL,""
"21","Website Related","Website Related","2023-06-01 13:55:03.605","Admin",NULL,""
"22","OTP Not Received","OTP Not Received","2023-06-01 13:55:03.605","Admin",NULL,""
"23","Error in Payment","Error in Payment","2023-06-01 13:55:03.605","Admin",NULL,""
"24","Unable to Claim Benefit","Unable to Claim Benefit","2023-06-01 13:55:03.605","Admin",NULL,""
"25","Unable to Claim Badge","Unable to Claim Badge","2023-06-01 13:55:03.605","Admin",NULL,""
"26","Unable to Use Badge","Unable to Use Badge","2023-06-01 13:55:03.605","Admin",NULL,""
"27","Unable to Use Loyalty Bonus","Unable to Use Loyalty Bonus","2023-06-01 13:55:03.605","Admin",NULL,""
"28","Points Not Redeemed","Points Not Redeemed","2023-06-01 13:55:03.605","Admin",NULL,""
"29","Points Not Awarded","Points not Awarded","2023-06-01 13:55:03.605","Admin",NULL,""
"30","Incorrect Points Balance","Incorrect Points Balance","2023-06-01 13:55:03.605","Admin",NULL,""
"31","Incorrect Transaction History","Incorrect Transaction History","2023-06-01 13:55:03.605","Admin",NULL,""
"32","Unsatisfactory Dealer Interaction","Unsatisfactory Dealer Interaction","2023-06-01 13:55:03.605","Admin",NULL,""
"33","Not Informed About The Program","Not Informed About The Program","2023-06-01 13:55:03.605","Admin",NULL,""
"34","Re-enrollment/Enrollment","Re-enrollment/Enrollment","2023-06-01 13:55:03.605","Admin",NULL,""
"35","Dealer Commitment Related(Rate of Interest/Processing Fee/Loan Amount/Loan Tenor) Through MSSF Portal ","Dealer Commitment Related(Rate of Interest/Processing Fee/Loan Amount/Loan Tenor) Through MSSF Portal ","2023-06-01 13:55:03.605","Admin",NULL,""
"36","Incorrect Customer Details.","Incorrect Customer Details.","2023-06-01 13:55:03.605","Admin",NULL,""
"37","Booking Related","Booking Related","2023-06-01 13:55:03.605","Admin",NULL,""
"38","Delivery Related Feedback","Delivery Related Feedback","2023-06-01 13:55:03.605","Admin",NULL,""
"39","Documentation Related","Documentation Related","2023-06-01 13:55:03.605","Admin",NULL,""
"40","Payment Related","Payment Related","2023-06-01 13:55:03.605","Admin",NULL,""
"41","Scheme Related","Scheme Related","2023-06-01 13:55:03.605","Admin",NULL,""
"42","MisBehavior","MisBehavior","2023-06-01 13:55:03.605","Admin",NULL,""
"43","FAME Scheme Related","FAME Scheme Related","2023-06-01 13:55:03.605","Admin",NULL,""
"44","Product","Product","2023-06-01 13:55:03.605","Admin",NULL,""
"45","Finance","Finance","2023-06-01 13:55:03.605","Admin",NULL,""
"46","Insurance","Insurance","2023-06-01 13:55:03.605","Admin",NULL,""
"47","Extended Warranty","Extended Warranty","2023-06-01 13:55:03.605","Admin",NULL,""
"48","Autocard","Autocard","2023-06-01 13:55:03.605","Admin",NULL,""
"49","Maruti Suzuki Smart Finance","Maruti Suzuki Smart Finance","2023-06-01 13:55:03.605","Admin",NULL,""
"50","Body Gaps After Bodyshop Repairs","Body Gaps After Bodyshop Repairs","2023-06-01 13:55:03.605","Admin",NULL,""
"51","Body Noise After Bodyshop Repairs","Body Noise After Bodyshop Repairs","2023-06-01 13:55:03.605","Admin",NULL,""
"52","Paint Finish Not Okay After Body Repairs","Paint Finish Not Okay After Body Repairs","2023-06-01 13:55:03.605","Admin",NULL,""
"53","Paint Mismatch After Body Repairs","Paint Mismatch After Body Repairs","2023-06-01 13:55:03.605","Admin",NULL,""
"54","Paint Peeling Off After Body Repairs","Paint Peeling Off After Body Repairs","2023-06-01 13:55:03.605","Admin",NULL,""
"55","Paint Related Defect After Body Repairs","Paint Related Defect After Body Repairs","2023-06-01 13:55:03.605","Admin",NULL,""
"56","Rough Surface/Dent After Body Repairs","Rough Surface/Dent After Body Repairs","2023-06-01 13:55:03.605","Admin",NULL,""
"57","Rusting After Painting","Rusting After Painting","2023-06-01 13:55:03.605","Admin",NULL,""
"58","Water Leakage After Bodyshop Repairs","Water Leakage After Bodyshop Repairs","2023-06-01 13:55:03.605","Admin",NULL,""
"59","Door Noise After Bodyshop Repairs","Door Noise After Bodyshop Repairs","2023-06-01 13:55:03.605","Admin",NULL,""
"60","Foul Smell After Bodyshop Repairs","Foul Smell After Bodyshop Repairs","2023-06-01 13:55:03.605","Admin",NULL,""
"61","Ac Less Effective","Ac Less Effective","2023-06-01 13:55:03.605","Admin",NULL,""
"62","Ac Noise","Ac Noise","2023-06-01 13:55:03.605","Admin",NULL,""
"63","Ac Not Working","Ac Not Working","2023-06-01 13:55:03.605","Admin",NULL,""
"64","Brake Fluid Leakage","Brake Fluid Leakage","2023-06-01 13:55:03.605","Admin",NULL,""
"65","Brake Less Effective","Brake Less Effective","2023-06-01 13:55:03.605","Admin",NULL,""
"66","Brake Noise/Vibration","Brake Noise/Vibration","2023-06-01 13:55:03.605","Admin",NULL,""
"67","Brake Pad Wear Off","Brake Pad Wear Off","2023-06-01 13:55:03.605","Admin",NULL,""
"68","Hand Brake/Parking Brake Issue","Hand Brake/Parking Brake Issue","2023-06-01 13:55:03.605","Admin",NULL,""
"69","Brake Pedal Hard","Brake Pedal Hard","2023-06-01 13:55:03.605","Admin",NULL,""
"70","Clutch Hard","Clutch Hard","2023-06-01 13:55:03.605","Admin",NULL,""
"71","Clutch Noise","Clutch Noise","2023-06-01 13:55:03.605","Admin",NULL,""
"72","Clutch Not Working","Clutch Not Working","2023-06-01 13:55:03.605","Admin",NULL,""
"73","Door Hard To Close","Door Hard To Close","2023-06-01 13:55:03.605","Admin",NULL,""
"74","Door Noise After Workshop Repairs","Door Noise After Workshop Repairs","2023-06-01 13:55:03.605","Admin",NULL,""
"75","Electrical  - Battery","Electrical  - Battery","2023-06-01 13:55:03.605","Admin",NULL,""
"76","Electrical  - Fuses Related","Electrical  - Fuses Related","2023-06-01 13:55:03.605","Admin",NULL,""
"77","Electrical  - Head Light Not Working","Electrical  - Head Light Not Working","2023-06-01 13:55:03.605","Admin",NULL,""
"78","Electrical  - Horn Not Working","Electrical  - Horn Not Working","2023-06-01 13:55:03.605","Admin",NULL,""
"79","Electrical  - Mil/Dashboard Light","Electrical  - Mil/Dashboard Light","2023-06-01 13:55:03.605","Admin",NULL,""
"80","Electrical  - Others (Not Ac)","Electrical  - Others (Not Ac)","2023-06-01 13:55:03.605","Admin",NULL,""
"81","Electrical  - Side Indicator Not Working","Electrical  - Side Indicator Not Working","2023-06-01 13:55:03.605","Admin",NULL,""
"82","Electrical  - Wiper Not Working","Electrical  - Wiper Not Working","2023-06-01 13:55:03.605","Admin",NULL,""
"83","Engine High Oil Consumption","Engine High Oil Consumption","2023-06-01 13:55:03.605","Admin",NULL,""
"84","Engine Hydrostatic Lock","Engine Hydrostatic Lock","2023-06-01 13:55:03.605","Admin",NULL,""
"85","Engine Noise/Vibration","Engine Noise/Vibration","2023-06-01 13:55:03.605","Admin",NULL,""
"86","Engine Oil Leakage After Repair","Engine Oil Leakage After Repair","2023-06-01 13:55:03.605","Admin",NULL,""
"87","Engine Overheating","Engine Overheating","2023-06-01 13:55:03.605","Admin",NULL,""
"88","Engine Stalling","Engine Stalling","2023-06-01 13:55:03.605","Admin",NULL,""
"89","Gear Lever Vibration","Gear Lever Vibration","2023-06-01 13:55:03.605","Admin",NULL,""
"90","Gear Noise","Gear Noise","2023-06-01 13:55:03.605","Admin",NULL,""
"91","Gear Shifting Hard","Gear Shifting Hard","2023-06-01 13:55:03.605","Admin",NULL,""
"92","Gear Slippage","Gear Slippage","2023-06-01 13:55:03.605","Admin",NULL,""
"93","Glass Noise After Workshop Repairs","Glass Noise After Workshop Repairs","2023-06-01 13:55:03.605","Admin",NULL,""
"94","Steering Hard","Steering Hard","2023-06-01 13:55:03.605","Admin",NULL,""
"95","Steering Noise","Steering Noise","2023-06-01 13:55:03.605","Admin",NULL,""
"96","Steering Return Ability - Improper","Steering Return Ability - Improper","2023-06-01 13:55:03.605","Admin",NULL,""
"97","Suspension Hard","Suspension Hard","2023-06-01 13:55:03.605","Admin",NULL,""
"98","Suspension Noise","Suspension Noise","2023-06-01 13:55:03.605","Admin",NULL,""
"99","Tyre Burst/Swell","Tyre Burst/Swell","2023-06-01 13:55:03.605","Admin",NULL,""
"100","Tyre Wear","Tyre Wear","2023-06-01 13:55:03.605","Admin",NULL,""
"101","Wheel Alignment","Wheel Alignment","2023-06-01 13:55:03.605","Admin",NULL,""
"102","Wheel Wobbling","Wheel Wobbling","2023-06-01 13:55:03.605","Admin",NULL,""
"103","Audio System","Audio System","2023-06-01 13:55:03.605","Admin",NULL,""
"104","Axle Noise","Axle Noise","2023-06-01 13:55:03.605","Admin",NULL,""
"105","Body Noise After Workshop Repairs","Body Noise After Workshop Repairs","2023-06-01 13:55:03.605","Admin",NULL,""
"106","Central Locking","Central Locking","2023-06-01 13:55:03.605","Admin",NULL,""
"107","Coolant Leakage After Repair","Coolant Leakage After Repair","2023-06-01 13:55:03.605","Admin",NULL,""
"108","Fog Lamp","Fog Lamp","2023-06-01 13:55:03.605","Admin",NULL,""
"109","Foul Smell After Workshop Repairs","Foul Smell After Workshop Repairs","2023-06-01 13:55:03.605","Admin",NULL,""
"110","Fuel Leakage","Fuel Leakage","2023-06-01 13:55:03.605","Admin",NULL,""
"111","Low Mileage","Low Mileage","2023-06-01 13:55:03.605","Admin",NULL,""
"112","Low Pickup","Low Pickup","2023-06-01 13:55:03.605","Admin",NULL,""
"113","Oil Leakage","Oil Leakage","2023-06-01 13:55:03.605","Admin",NULL,""
"114","Poor PDI","Poor PDI","2023-06-01 13:55:03.605","Admin",NULL,""
"115","Poor Washing/Cleaning","Poor Washing/Cleaning","2023-06-01 13:55:03.605","Admin",NULL,""
"116","Security System","Security System","2023-06-01 13:55:03.605","Admin",NULL,""
"117","Service/Repairs Not Done As Per Customer Satisfaction","Service/Repairs Not Done As Per Customer Satisfaction","2023-06-01 13:55:03.605","Admin",NULL,""
"118","Starting Problem","Starting Problem","2023-06-01 13:55:03.605","Admin",NULL,""
"119","Vehicle Damage In Workshop/Misuse","Vehicle Damage In Workshop/Misuse","2023-06-01 13:55:03.605","Admin",NULL,""
"120","Vehicle Pulling One Side","Vehicle Pulling One Side","2023-06-01 13:55:03.605","Admin",NULL,""
"121","Brake Pad Wear","Brake Pad Wear","2023-06-01 13:55:03.605","Admin",NULL,""
"122","Door Noise Before Workshop Repairs","Door Noise Before Workshop Repairs","2023-06-01 13:55:03.605","Admin",NULL,""
"123","Electrical  - Other (Not Ac)","Electrical  - Other (Not Ac)","2023-06-01 13:55:03.605","Admin",NULL,""
"124","Paint - Any Other Paint Defect Before Workshop Repairs","Paint - Any Other Paint Defect Before Workshop Repairs","2023-06-01 13:55:03.605","Admin",NULL,""
"125","Paint Chipped Off Before Workshop Repairs","Paint Chipped Off Before Workshop Repairs","2023-06-01 13:55:03.605","Admin",NULL,""
"126","Paint Finish Not Okay Before Workshop Repairs","Paint Finish Not Okay Before Workshop Repairs","2023-06-01 13:55:03.605","Admin",NULL,""
"127","Paint Mismatch Before Workshop Repairs","Paint Mismatch Before Workshop Repairs","2023-06-01 13:55:03.605","Admin",NULL,""
"128","Steering Return Ability","Steering Return Ability","2023-06-01 13:55:03.605","Admin",NULL,""
"129","Body Gaps Before Workshop Repairs","Body Gaps Before Workshop Repairs","2023-06-01 13:55:03.605","Admin",NULL,""
"130","Body Noise Before Workshop Repairs","Body Noise Before Workshop Repairs","2023-06-01 13:55:03.605","Admin",NULL,""
"131","Glass Noise Before Workshop Repairs","Glass Noise Before Workshop Repairs","2023-06-01 13:55:03.605","Admin",NULL,""
"132","Rusting Defect Before Workshop Repairs","Rusting Defect Before Workshop Repairs","2023-06-01 13:55:03.605","Admin",NULL,""
"133","Water Leakage Before Workshop Repairs","Water Leakage Before Workshop Repairs","2023-06-01 13:55:03.605","Admin",NULL,""
"134","Accessory-(Like Seat, Rear Parking Sensor, Camera)","Accessory-(Like Seat, Rear Parking Sensor, Camera)","2023-06-01 13:55:03.605","Admin",NULL,""
"135","Air Bag Not Deployed","Air Bag Not Deployed","2023-06-01 13:55:03.605","Admin",NULL,""
"136","Coolant Leakage","Coolant Leakage","2023-06-01 13:55:03.605","Admin",NULL,""
"137","Feedback Regarding Product Improvement","Feedback Regarding Product Improvement","2023-06-01 13:55:03.605","Admin",NULL,""
"138","Foul Smell Before Workshop Repairs","Foul Smell Before Workshop Repairs","2023-06-01 13:55:03.605","Admin",NULL,""
"139","Rat Entry / Bite","Rat Entry / Bite","2023-06-01 13:55:03.605","Admin",NULL,""
"140","Locks & Key related","Locks & Key related","2023-06-01 13:55:03.605","Admin",NULL,""
"141","Pickup & Drop Associate Came Late","Pickup & Drop Associate Came Late","2023-06-01 13:55:03.605","Admin",NULL,""
"142","Pickup & Drop Associate Misbehaved","Pickup & Drop Associate Misbehaved","2023-06-01 13:55:03.605","Admin",NULL,""
"143","Pickup & Drop Facility Not Given","Pickup & Drop Facility Not Given","2023-06-01 13:55:03.605","Admin",NULL,""
"144","Pickup & Drop Vehicle Dropped Is Not Clean","Pickup & Drop Vehicle Dropped Is Not Clean","2023-06-01 13:55:03.605","Admin",NULL,""
"145","Service Reminder Not Given","Service Reminder Not Given","2023-06-01 13:55:03.605","Admin",NULL,""
"146","Service Estimate Not Given/Explained","Service Estimate Not Given/Explained","2023-06-01 13:55:03.605","Admin",NULL,""
"147","Vehicle Not Attended As Per Appointment Date & Time","Vehicle Not Attended As Per Appointment Date & Time","2023-06-01 13:55:03.605","Admin",NULL,""
"148","Warranty Request/Rejection","Warranty Request/Rejection","2023-06-01 13:55:03.605","Admin",NULL,""
"149","Workshop Facilities Are Not Proper","Workshop Facilities Are Not Proper","2023-06-01 13:55:03.605","Admin",NULL,""
"150","Additional Jobs Not Explained/Permission Not Taken","Additional Jobs Not Explained/Permission Not Taken","2023-06-01 13:55:03.605","Admin",NULL,""
"151","All Service Jobs Not Explained","All Service Jobs Not Explained","2023-06-01 13:55:03.605","Admin",NULL,""
"152","Cashless Facility Not Given","Cashless Facility Not Given","2023-06-01 13:55:03.605","Admin",NULL,""
"153","Customer Not Attended","Customer Not Attended","2023-06-01 13:55:03.605","Admin",NULL,""
"154","Delivery Date/ Time Not Given","Delivery Date/ Time Not Given","2023-06-01 13:55:03.605","Admin",NULL,""
"155","Depreciation Not Explained","Depreciation Not Explained","2023-06-01 13:55:03.605","Admin",NULL,""
"156","Drop Facility Not Offered","Drop Facility Not Offered","2023-06-01 13:55:03.605","Admin",NULL,""
"157","Item Lost During Service","Item Lost During Service","2023-06-01 13:55:03.605","Admin",NULL,""
"158","Job Card Opening Delayed","Job Card Opening Delayed","2023-06-01 13:55:03.605","Admin",NULL,""
"159","Loaner Car Not Given","Loaner Car Not Given","2023-06-01 13:55:03.605","Admin",NULL,""
"160","Maruti App Improper Working","Maruti App Improper Working","2023-06-01 13:55:03.605","Admin",NULL,""
"161","MOS Response Not Ok","MOS Response Not Ok","2023-06-01 13:55:03.605","Admin",NULL,""
"162","Refreshments To Customer Not Offered","Refreshments To Customer Not Offered","2023-06-01 13:55:03.605","Admin",NULL,""
"163","Kms reading punched wrongly","Kms reading punched wrongly","2023-06-01 13:55:03.605","Admin",NULL,""
"164","Job Card opened by non-visited workshop","Job Card opened by non-visited workshop","2023-06-01 13:55:03.605","Admin",NULL,""
"165","Delay In Deliver Due To Spares","Delay In Deliver Due To Spares","2023-06-01 13:55:03.605","Admin",NULL,""
"166","Delay In Delivery After Body Repairs","Delay In Delivery After Body Repairs","2023-06-01 13:55:03.605","Admin",NULL,""
"167","Delay In Delivery After Service Repairs","Delay In Delivery After Service Repairs","2023-06-01 13:55:03.605","Admin",NULL,""
"168","Delay In Service/Repairs Not Updated To Customer","Delay In Service/Repairs Not Updated To Customer","2023-06-01 13:55:03.605","Admin",NULL,""
"169","Details Of Job Carried Out Not Explained","Details Of Job Carried Out Not Explained","2023-06-01 13:55:03.605","Admin",NULL,""
"170","Demanded Repairs Not Completed","Demanded Repairs Not Completed","2023-06-01 13:55:03.605","Admin",NULL,""
"171","Invoice Not Given To Customer","Invoice Not Given To Customer","2023-06-01 13:55:03.605","Admin",NULL,""
"172","Job Required In Future Not Explained","Job Required In Future Not Explained","2023-06-01 13:55:03.605","Admin",NULL,""
"173","Old Parts Not Returned","Old Parts Not Returned","2023-06-01 13:55:03.605","Admin",NULL,""
"174","Over Charging","Over Charging","2023-06-01 13:55:03.605","Admin",NULL,""
"175","Road Test Not Conducted After Repairs","Road Test Not Conducted After Repairs","2023-06-01 13:55:03.605","Admin",NULL,""
"176","Service Charges Not Explained To Customer","Service Charges Not Explained To Customer","2023-06-01 13:55:03.605","Admin",NULL,""
"177","Workshop","Workshop","2023-06-01 13:55:03.605","Admin",NULL,""
"178","MASS","MASS","2023-06-01 13:55:03.605","Admin",NULL,""
"179","Driving School","Driving School","2023-06-01 13:55:03.605","Admin",NULL,""
"180","MOS","MOS","2023-06-01 13:55:03.605","Admin",NULL,""
"181","True Value","True Value","2023-06-01 13:55:03.605","Admin",NULL,""
"182","Activation Message Not Received/OTP Not Received","Activation Message Not Received/OTP Not Received","2023-06-01 13:55:03.605","Admin",NULL,""
"183","Nothing is Visible on the Screen After Logging in Suzuki Connect","Nothing is Visible on the Screen After Logging in Suzuki Connect","2023-06-01 13:55:03.605","Admin",NULL,""
"184","Error message 'Coming Soon'","Error message 'Coming Soon'","2023-06-01 13:55:03.605","Admin",NULL,""
"185","Incorrect Location","Incorrect Location","2023-06-01 13:55:03.605","Admin",NULL,""
"186","Live location not visible","Live location not visible","2023-06-01 13:55:03.605","Admin",NULL,""
"187","Alerts or Notifications not received","Alerts or Notifications not received","2023-06-01 13:55:03.605","Admin",NULL,""
"188","Incorrectly Received Regarding Geofence","Incorrectly Received Regarding Geofence","2023-06-01 13:55:03.605","Admin",NULL,""
"189","Towing of Vehicle/Battery/Car assistance","Towing of Vehicle/Battery/Car assistance","2023-06-01 13:55:03.605","Admin",NULL,""
"190","Incorrect Customer or Vehicle Details Have Been Captured During Billing","Incorrect Customer or Vehicle Details Have Been Captured During Billing","2023-06-01 13:55:03.605","Admin",NULL,""
"191","Fluctuation in Network","Fluctuation in Network","2023-06-01 13:55:03.605","Admin",NULL,""
"192","Car does not belong to NEXA","Car does not belong to NEXA","2023-06-01 13:55:03.605","Admin",NULL,""
"193","Billing Issue - Vehicle Id not generated","Billing Issue - Vehicle Id not generated","2023-06-01 13:55:03.605","Admin",NULL,""
"194","Message displayed ""Register Your Interest""","Message displayed ""Register Your Interest""","2023-06-01 13:55:03.605","Admin",NULL,""
"195","Message Displayed ""Error Communicating with Server""","Message Displayed ""Error Communicating with Server""","2023-06-01 13:55:03.605","Admin",NULL,""
"196","Customer has logged in to the Suzuki Connect and is Unable to Access the Features of the Device/Device is Not Getting Activated","Customer has logged in to the Suzuki Connect and is Unable to Access the Features of the Device/Device is Not Getting Activated","2023-06-01 13:55:03.605","Admin",NULL,""
"197","Message Displayed ""Unexpected Error Occurred at Server""","Message Displayed ""Unexpected Error Occurred at Server""","2023-06-01 13:55:03.605","Admin",NULL,""
"198","Validation Error! TCU is Not Active Yet Error Popup","Validation Error! TCU is Not Active Yet Error Popup","2023-06-01 13:55:03.605","Admin",NULL,""
"199","No TCU has been sold for this VIN error message is showing during enrollment","No TCU has been sold for this VIN error message is showing during enrollment","2023-06-01 13:55:03.605","Admin",NULL,""
"200","During Login in Mobile app Error is Showing ""Error! Please Try Again Later!""","During Login in Mobile app Error is Showing ""Error! Please Try Again Later!""","2023-06-01 13:55:03.605","Admin",NULL,""
"201","While Sign in error shows :(Invalid token error)","While Sign in error shows :(Invalid token error)","2023-06-01 13:55:03.605","Admin",NULL,""
"202","Invalid Mobile Number Updated in DMS","Invalid Mobile Number Updated in DMS","2023-06-01 13:55:03.605","Admin",NULL,""
"203","Mobile Number in TCU Number is Incorrect","Mobile Number in TCU Number is Incorrect","2023-06-01 13:55:03.605","Admin",NULL,""
"204","Mobile Number in TCU Number is Blank","Mobile Number in TCU Number is Blank","2023-06-01 13:55:03.605","Admin",NULL,""
"205","Activation Message Not Received","Activation Message Not Received","2023-06-01 13:55:03.605","Admin",NULL,""
"206","Connectivity Lost Message Display on Mobile App","Connectivity Lost Message Display on Mobile App","2023-06-01 13:55:03.605","Admin",NULL,""
"207","Service Connected Display in Cluster assy MID","Service Connected Display in Cluster assy MID","2023-06-01 13:55:03.605","Admin",NULL,""
"208","Single Trip is Missing","Single Trip is Missing","2023-06-01 13:55:03.605","Admin",NULL,""
"209","Multiple Trips are Missing","Multiple Trips are Missing","2023-06-01 13:55:03.605","Admin",NULL,""
"210","Vehicle Health","Vehicle Health","2023-06-01 13:55:03.605","Admin",NULL,""
"211","Hazard Light","Hazard Light","2023-06-01 13:55:03.605","Admin",NULL,""
"212","Car Lock","Car Lock","2023-06-01 13:55:03.605","Admin",NULL,""
"213","Car Unlock","Car Unlock","2023-06-01 13:55:03.605","Admin",NULL,""
"214","Alarm On","Alarm On","2023-06-01 13:55:03.605","Admin",NULL,""
"215","Lead Battery","Lead Battery","2023-06-01 13:55:03.605","Admin",NULL,""
"216","Remote AC","Remote AC","2023-06-01 13:55:03.605","Admin",NULL,""
"217","Tow Away","Tow Away","2023-06-01 13:55:03.605","Admin",NULL,""
"218","Intrusion","Intrusion","2023-06-01 13:55:03.605","Admin",NULL,""
"219","Breakdown","Breakdown","2023-06-01 13:55:03.605","Admin",NULL,""
"220","Geofence","Geofence","2023-06-01 13:55:03.605","Admin",NULL,""
"221","Valet Alert","Valet Alert","2023-06-01 13:55:03.605","Admin",NULL,""
"222","Safe Time","Safe Time","2023-06-01 13:55:03.605","Admin",NULL,""
"223","Low Fuel","Low Fuel","2023-06-01 13:55:03.605","Admin",NULL,""
"224","Low Range","Low Range","2023-06-01 13:55:03.605","Admin",NULL,""
"225","OverSpeed","OverSpeed","2023-06-01 13:55:03.605","Admin",NULL,""
"226","Airbag System","Airbag System","2023-06-01 13:55:03.605","Admin",NULL,""
"227","Brake System","Brake System","2023-06-01 13:55:03.605","Admin",NULL,""
"228","Power Train System","Power Train System","2023-06-01 13:55:03.605","Admin",NULL,""
"229","Steering System","Steering System","2023-06-01 13:55:03.605","Admin",NULL,""
"230","SOS","SOS","2023-06-01 13:55:03.605","Admin",NULL,""
"231","CNG","CNG","2023-06-01 13:55:03.605","Admin",NULL,""
"232","VRN in Vehicle Master Screen is Updated but Not Synced with IBM Server","VRN in Vehicle Master Screen is Updated but Not Synced with IBM Server","2023-06-01 13:55:03.605","Admin",NULL,""
"233","VRN is Not Updated in Vehicle Master Screen","VRN is Not Updated in Vehicle Master Screen","2023-06-01 13:55:03.605","Admin",NULL,""
"234","Unable to See the Vehicle in User Account","Unable to See the Vehicle in User Account","2023-06-01 13:55:03.605","Admin",NULL,""
"235","Product Related","Product Related","2023-06-01 13:55:03.605","Admin",NULL,""
"236","Features Related","Features Related","2023-06-01 13:55:03.605","Admin",NULL,""
"237","Complaint Status","Complaint Status","2023-06-01 13:55:03.605","Admin",NULL,""
"238","Dealer to Trigger/Re-Trigger Enrollment","Dealer to Trigger/Re-Trigger Enrollment","2023-06-01 13:55:03.605","Admin",NULL,""
"239","Dealer to Update App Login Number","Dealer to Update App Login Number","2023-06-01 13:55:03.605","Admin",NULL,""
"240","Sign Up","Sign Up","2023-06-01 13:55:03.605","Admin",NULL,""
"241","Features","Features","2023-06-01 13:55:03.605","Admin",NULL,""
"242","FCR","FCR","2023-06-01 13:55:03.605","Admin",NULL,""
"243","Incorrect Location, Live location Not Visible, Alerts or Notifications Not Received/Incorrectly Received Regarding Geofence/Towing of Vehicle/Battery/Car Assistance etc","Incorrect Location, Live location Not Visible, Alerts or Notifications Not Received/Incorrectly Received Regarding Geofence/Towing of Vehicle/Battery/Car Assistance etc","2023-06-06 08:33:01.37","Admin",NULL,""
"245","Car does Not Belong to NEXA Error/ Billing Issue - Vehicle Id Not Generated","Car does Not Belong to NEXA Error/ Billing Issue - Vehicle Id Not Generated","2023-06-06 09:19:44.195","Admin",NULL,""
"246","Installation","Installation","2023-06-21 06:35:32.305665","admin",NULL,NULL
"247","Price Related","Price Related","2023-06-21 06:36:00.793944","admin",NULL,NULL
"248","Music","Music","2023-08-23 11:32:03.344352","Admin",NULL,NULL
"249","Song","Song","2023-08-23 11:32:03.344352","Admin",NULL,NULL
"250","FM","FM","2023-08-23 11:32:03.344352","Admin",NULL,NULL
"251","AM","AM","2023-08-23 11:32:03.344352","Admin",NULL,NULL
"252","USB","USB","2023-08-23 11:32:03.344352","Admin",NULL,NULL
"253","AUX","AUX","2023-08-23 11:32:03.344352","Admin",NULL,NULL
"254","Navigation","Navigation","2023-08-23 11:32:03.344352","Admin",NULL,NULL
"255","Maps","Maps","2023-08-23 11:32:03.344352","Admin",NULL,NULL
"256","Bluetooth Connection","Bluetooth Connection","2023-08-23 11:32:03.344352","Admin",NULL,NULL
"257","Smart Play Studio App Usage","Smart Play Studio App Usage","2023-08-23 11:32:03.344352","Admin",NULL,NULL
"258","Calling","Calling","2023-08-23 11:32:03.344352","Admin",NULL,NULL
"259","Messaging","Messaging","2023-08-23 11:32:03.344352","Admin",NULL,NULL
"260","Phonebook","Phonebook","2023-08-23 11:32:03.344352","Admin",NULL,NULL
"261","Vehicle Information","Vehicle Information","2023-08-23 11:32:03.344352","Admin",NULL,NULL
"262","Assist","Assist","2023-08-23 11:32:03.344352","Admin",NULL,NULL
"263","Alerts","Alerts","2023-08-23 11:32:03.344352","Admin",NULL,NULL
"264","Mileage","Mileage","2023-08-23 11:32:03.344352","Admin",NULL,NULL
"265","Login","Login","2023-08-23 11:32:03.344352","Admin",NULL,NULL
"266","Vin Number","Vin Number","2023-08-23 11:32:03.344352","Admin",NULL,NULL
"267","Registration Number","Registration Number","2023-08-23 11:32:03.344352","Admin",NULL,NULL
"277","KYC","KYC","2023-10-11 13:55:03.605","Admin",NULL,""
"278","Mobile Number Update/Change","Mobile Number Update/Change","2023-12-13 15:58:03.969183","Admin",NULL,""
"279","VRN number Update/Change","VRN number Update/Change","2023-12-13 15:58:03.969183","Admin",NULL,""
"280","KYC Related","KYC Related","2023-12-13 15:58:03.969183","Admin",NULL,""
"281","Device Replacement","Device Replacement","2023-12-13 15:58:03.969183","Admin",NULL,""
"282","Account Deletion/Contract Cancel","Account Deletion/Contract Cancel","2023-12-13 15:58:03.969183","Admin",NULL,""
"283","Renew & Subscription Related","Renew & Subscription Related","2023-12-13 15:58:03.969183","Admin",NULL,""
"284","Loan vs Subscribe Comparison","Loan vs Subscribe Comparison","2025-04-01 14:38:04.827666","Admin",NULL,NULL
"285","Subscription Tenure Options","Subscription Tenure Options","2025-04-01 14:38:04.827666","Admin",NULL,NULL
"286","Pricing and Mileage Options","Pricing and Mileage Options","2025-04-01 14:38:04.827666","Admin",NULL,NULL
"287","Lease Partners","Lease Partners","2025-04-01 14:38:04.827666","Admin",NULL,NULL
"288","Subscription Cities","Subscription Cities","2025-04-01 14:38:04.827666","Admin",NULL,NULL
"289","Inclusions","Inclusions","2025-04-01 14:38:04.827666","Admin",NULL,NULL
"290","How to Book","How to Book","2025-04-01 14:38:04.827666","Admin",NULL,NULL
"291","Required Documents","Required Documents","2025-04-01 14:38:04.827666","Admin",NULL,NULL
"292","Variants and Colour Choices","Variants and Colour Choices","2025-04-01 14:38:04.827666","Admin",NULL,NULL
"293","Estimate Delivery Timeline","Estimate Delivery Timeline","2025-04-01 14:38:04.827666","Admin",NULL,NULL
"295","Scheduled Maintenance Coverage","Scheduled Maintenance Coverage","2025-04-01 14:38:04.827666","Admin",NULL,NULL
"296","Service Center Locations","Service Center Locations","2025-04-01 14:38:04.827666","Admin",NULL,NULL
"297","Emergency Support Availability","Emergency Support Availability","2025-04-01 14:38:04.827666","Admin",NULL,NULL
"298","Contact Details","Contact Details","2025-04-01 14:38:04.827666","Admin",NULL,NULL
"299","Vehicle Feature Description","Vehicle Feature Description","2025-04-01 14:38:04.827666","Admin",NULL,NULL
"300","Model Comparison","Model Comparison","2025-04-01 14:38:04.827666","Admin",NULL,NULL
